Film_title,Release_year,Director,Cast,Personal_rating,Average_rating,Letterboxd URL
Whisper of the Heart,1995,Yoshifumi Kondo,"['Yoko Honna', 'Issey Takahashi', 'Takashi Tachibana', 'Shigeru Muroi', 'Minami Takayama', 'Mayumi Izuka', 'Yorie Yamashita', 'Keiju Kobayashi', 'Naohisa Inoue', 'Shigeru Tsuyuguchi', 'Toshio Suzuki', 'Maiko Kayama', 'Yoshimi Nakajima', 'Mai Chiba', 'Satoru Takahashi', 'Akiko Sakaguchi', 'Hiromi Yasuda', 'Tatsuya Okada', 'Yoshihiro Imai', 'Suguru Egawa', 'Shiro Kishibe', 'Mitsuaki Ogawa']",nan,4.13,https://letterboxd.com//film/whisper-of-the-heart/
From Up on Poppy Hill,2011,Goro Miyazaki,"['Masami Nagasawa', 'Junichi Okada', 'Keiko Takeshita', 'Yuriko Ishida', 'Rumi Hiiragi', 'Jun Fubuki', 'Takashi Naito', 'Shunsuke Kazama', 'Nao Omori', 'Teruyuki Kagawa', 'Haruka Shiraishi', 'Tsubasa Kobayashi', 'Aoi Teshima', 'Goro Miyazaki']",nan,3.68,https://letterboxd.com//film/from-up-on-poppy-hill/
The Secret World of Arrietty,2010,Hiromasa Yonebayashi,"['Mirai Shida', 'Ryunosuke Kamiki', 'Tomokazu Miura', 'Keiko Takeshita', 'Kirin Kiki', 'Shinobu Otake', 'Tatsuya Fujiwara']",nan,3.75,https://letterboxd.com//film/the-secret-world-of-arrietty/
Yi Yi,2000,Edward Yang,"['Wu Nien-Jen', 'Kelly Lee', 'Jonathan Chang', 'Issey Ogata', 'Elaine Jin', 'Hsi-Sheng Chen', 'Su-Yun Ko', 'Tao Chuang Cheng', 'Shu-shen Hsiao', 'Adriene Lin', 'Pang Chang Yu', 'Ru-Yun Tang', 'Shu-Yuan Hsu', 'Hsin-Yi Tseng', 'Yung-Feng Lee', 'Shi-hui Chin', 'Wu Jie', 'Kuo-Chih Shu', 'Leon Dai', 'Mei-Yun Yu', 'Chi-Tung Yu', 'Lawrence Ko', 'Liang-Tso Liu', 'Li-Hua Chen', 'Yi-Wen Chen', 'Shau-Ching Sung', 'Luo Bei An', 'Antonio Lee', 'Danny Deng', 'Ray Fan', 'Chien-Hsiung Cheng', 'Cheng Yuan-Cheng', 'Ju-Yin Tsai', 'Jerry Sun', 'Tzu-chieh Miao', 'Tang Tsung Sheng', 'Wang Chi-tsan', 'Jianchang Li', 'Kenjiro Tsuda', 'Wei-Ning Wu', 'Hui-Ling Chang', 'Hsu Kuei-ying', 'Allen Lu', 'Shih-Ping Yang', 'Tzu-Yen Yeh', 'Cheryl Yang', 'Wan-Yun Lee', 'Hsiao-Wei Lin', 'Yiting Wu', 'Cheng-Kai Wang', 'Nien-Chu Hsieh', 'Shi-Chi Chen', 'Kuang-Ting Hsiang', 'Yen-Chun Lin', 'Hsin-yi Wen', 'An-yi Wen', 'Tzu-Ai Tsai', 'Yao-Wen Liu', 'Wei-Chun Wu', 'Szu-Chia Huang', 'Ming-Min Yeh', 'Yilian He', 'Katherine Lee', 'Tricia Chen', 'Christine Cheng', 'Fiona Chen', 'Cheng-Wan Pieh', 'Kate Yeung', 'Shih-hue Tu', 'Yu-Lung Yin', 'Lien-Lien Hsiao', 'Xianghua Ye', 'Sharon Mao', 'Liang-Hsin Hsieh', 'Mitsu Sudo', 'Kiyotaka Ueno', 'Norihiko Hashimoto', 'Christian Storms', 'Azusa Naito', 'Hui-Hui Chiang', 'Stephanie Michelle Lord', 'Morgan Reynolds', 'Tamara Robertson', 'Song-en Hu', 'Shou-yao Liu', 'Kai-Li Peng', 'Edward Yang']",nan,4.52,https://letterboxd.com//film/yi-yi/
Room,2015,Lenny Abrahamson,"['Brie Larson', 'Jacob Tremblay', 'Joan Allen', 'William H. Macy', 'Sean Bridgers', 'Tom McCamus', 'Amanda Brugel', 'Joe Pingue', 'Cas Anvar', 'Wendy Crewson', 'Kate Drummond', 'Randal Edwards', 'Jack Fulton', 'Justin Mader', 'Zarrin Darnell-Martin', 'Jee-Yun Lee', 'Ola Sturik', 'Rodrigo Fernandez-Stoll', ""Rory O'Shea"", 'Matt Gordon', 'Sandy McMaster', 'Chantelle Chung', 'Brad Wietersen', 'Megan Park', 'Graeme Potts', 'Katelyn Wells']",nan,3.98,https://letterboxd.com//film/room-2015/
Boyhood,2014,Richard Linklater,"['Ellar Coltrane', 'Patricia Arquette', 'Ethan Hawke', 'Lorelei Linklater', 'Libby Villari', 'Marco Perella', 'Brad Hawkins', 'Jamie Howard', 'Andrew Villarreal', 'Jenni Tooley', 'Zoe Graham', 'Charlie Sexton', 'Elijah Smith', 'Steven Chester Prince', 'Bonnie Cross', 'Sydney Orta', 'Shane Graham', 'Tess Allen', 'Ryan Power', 'Sharee Fowler', 'Mark Finn', 'Byron Jenkins', 'Holly Moore', 'David Blackwell', 'Barbara Chisholm', 'Matthew Martinez-Arndt', 'Cassidy Johnson', 'Cambell Westmoreland', 'Jennifer Griffin', 'Garry Peters', 'Merrilee McCommas', 'Tamara Jolaine', 'Jordan Howard', 'Andrew Bunten', 'Tyler Strother', 'Evie Thompson', 'Savannah Welch', 'Mika Odom', 'Sinjin Venegas', 'Nick Krause', 'Derek Chase Hickey', 'Angela Rawna', 'Megan Devine', 'Landon Collier', 'Roland Ruiz', 'Richard Andrew Jones', 'Karen Jones', 'Gordon Friday', 'Tom McTigue', 'Sam Dillon', 'Martel Summers', 'David Clark', 'Jessie Tilton', 'Richard Robichaux', 'Will Harris', 'Indica Shaw', 'Bruce Salmon', 'Wayne Sutton', 'Joe Sundell', 'Sean Tracey', 'Ben Hodges', 'Daniel Zeh', 'Chris Doubek', 'Andrea Chen', 'Mona Lee Fultz', 'Maximillian McNamara', 'Taylor Weaver', 'Jessi Mechler', 'Bill Wise', 'Alina Linklater', 'Charlotte Linklater', 'Genevieve Kinney', 'Elijah Ford', 'Kyle Crusham', 'Conrad Choucroun', 'Deanna Brochin', 'Stephen Latham', 'Heather Materne', 'Johnny Walter', 'Natalie Makenna', 'Ken Edwards']",nan,3.82,https://letterboxd.com//film/boyhood/
Nobody Knows,2004,Hirokazu Kore-eda,"['Yuya Yagira', 'Ayu Kitaura', 'Hiei Kimura', 'Momoko Shimizu', 'Hanae Kan', 'YOU', 'Ryo Kase', 'Kazuyoshi Kushida', 'Yukiko Okamoto', 'Sei Hiraizumi', 'Takako Tate', 'Yuichi Kimura', 'Kenichi Endo', 'Susumu Terajima', 'Shinichi Hashizawa']",nan,4.3,https://letterboxd.com//film/nobody-knows/
The Thin Red Line,1998,Terrence Malick,"['Sean Penn', 'Jim Caviezel', 'Adrien Brody', 'Ben Chaplin', 'Elias Koteas', 'John Cusack', 'Woody Harrelson', 'Nick Nolte', 'John C. Reilly', 'George Clooney', 'John Travolta', 'John Dee Smith', 'Dash Mihok', 'Kirk Acevedo', 'Jared Leto', 'Mark Boone Junior', 'Matt Doran', 'Paul Gleeson', 'Don Harvey', 'Arie Verveen', 'Thomas Jane', 'Donal Logue', 'John Savage', 'Nick Stahl', 'Miranda Otto', 'Tim Blake Nelson', 'Larry Romano', 'Penelope Allen', 'Danny Hoch', 'Benjamin Green', 'Simon Billig', 'Jarrod Dean', 'Travis Fine', 'David Harrod', 'Michael McGrady', 'Stephen Spacek', 'Steven Vidler', 'Will Wallace', 'Todd Wallace', 'Simon Westaway', 'Dan Wyllie', 'Randall Craig', 'Kick Gurry', 'Randall Duk Kim', 'Darrin Klimek', 'Dane Moreton', 'Ray Samuelson', 'Justin Ward', 'Felix Williamson']",nan,4.07,https://letterboxd.com//film/the-thin-red-line/
Empire of the Sun,1987,Steven Spielberg,"['Christian Bale', 'John Malkovich', 'Miranda Richardson', 'Nigel Havers', 'Joe Pantoliano', 'Leslie Phillips', 'Masatō Ibu', 'Emily Richard', 'Rupert Frazer', 'Peter Gale', 'Takatarô Kataoka', 'Ben Stiller', 'David Neidorf', 'Ralph Seymour', 'Robert Stephens', 'Zhai Naishe', 'Guts Ishimatsu', 'Emma Piper', 'James Walker', 'Jack Dearlove', 'Anna Turner', 'Ann Castle', 'Yvonne Gilan', 'Ralph Michael', 'Sybil Maas', 'Eric Flynn', 'James Greene', 'Simon Harrison', 'Barrie Houghton', 'Paula Hamilton', 'Thea Ranft', 'Tony Boncza', 'Nigel Leach', 'Sheridan Forbes', 'Peter Copley', 'Barbara Bolton', 'Francesca Longrigg', 'Samantha Warden', 'Burt Kwouk', 'Tom Danaher', 'Paul McGann']",nan,3.79,https://letterboxd.com//film/empire-of-the-sun/
My Neighbors the Yamadas,1999,Isao Takahata,"['Hayato Isohata', 'Masako Araki', 'Naomi Uno', 'Toru Masuoka', 'Yukiji Asaoka', 'Akiko Yano', 'Kosanji Yanagiya', 'Tamao Nakamura', 'Chōchō Miyako']",nan,3.58,https://letterboxd.com//film/my-neighbors-the-yamadas/
Pom Poko,1994,Isao Takahata,"['Makoto Nonomura', 'Nijiko Kiyokawa', 'Shigeru Izumiya', 'Norihei Miki', 'Yuriko Ishida', 'Megumi Hayashibara', 'Yumi Ichihara', 'Akira Kamiya', 'Takehiro Murata', 'Gannosuke Ashiya', 'Kosan Yanagiya', 'Shinchou Kokontei', 'Bunshi Katsura', 'Beichou Katsura', 'Akira Fukuzawa', 'Kobuhei Hayashiya', 'Shiho Nagai', 'Osamu Kato']",nan,3.65,https://letterboxd.com//film/pom-poko/
The Tale of the Princess Kaguya,2013,Isao Takahata,"['Aki Asakura', 'Takeo Chii', 'Nobuko Miyamoto', 'Kengo Kora', 'Atsuko Takahata', 'Tomoko Tabata', 'Shinosuke Tatekawa', 'Takaya Kamikawa', 'Hikaru Ijūin', 'Ryudo Uzaki', 'Shichinosuke Nakamura', 'Isao Hashizume', 'Tatsuya Nakadai', 'Yukiji Asaoka', 'Tamaki Kojo', 'Yuji Miyake', 'Mirai Uchida', 'Hiroyuki Yamamoto']",nan,4.22,https://letterboxd.com//film/the-tale-of-the-princess-kaguya/
Kung Fu Hustle,2004,Stephen Chow,"['Stephen Chow', 'Yuen Wah', 'Qiu Yuen', 'Lam Tze-chung', 'Siu-Lung Leung', 'Shengyi Huang', 'Danny Chan Kwok-kwan', 'Chi Ling Chiu', 'Xing Yu', 'Lam Suet', 'Tenky Tin Kai-Man', 'Kang Xi Jia', 'Fung Hak-On', 'Feng Xiaogang', 'Kai Shi Chen', 'Alex Lam Chi Sin', 'Zhihua Dong', 'Fan Tiantian', 'Ren Si-Lu', 'Yuen Cheung-Yan']",nan,3.91,https://letterboxd.com//film/kung-fu-hustle/
Ghost in the Shell,1995,Mamoru Oshii,"['Atsuko Tanaka', 'Akio Otsuka', 'Iemasa Kayumi', 'Koichi Yamadera', 'Yutaka Nakano', 'Tamio Ohki', 'Tessyo Genda', 'Naruki Masahisa', 'Masato Yamanouchi', 'Shinji Ogawa', 'Mitsuru Miyamoto', 'Kazuhiro Yamaji', 'Shigeru Chiba', 'Hiroshi Yanaka', 'Ginzo Matsuo', 'Takashi Matsuyama', 'Sanryô Odaka', 'Masamichi Sato', 'Atsuko Hayashida', 'Yuji Ueda', 'Toshiki Kameyama', 'Atsushi Goto', 'Maaya Sakamoto']",nan,4.07,https://letterboxd.com//film/ghost-in-the-shell/
Memories,1995,"Koji Morimoto, Katsuhiro Otomo","['Tsutomu Isobe', 'Koichi Yamadera', 'Shozo Iizuka', 'Shigeru Chiba', 'Gara Takashima', 'Ami Hasegawa', 'Hideyuki Hori', 'Kenichi Ogata', 'Osamu Saka', 'Hisako Kyoda', 'Michio Hazama', 'Kayoko Fujii', 'Ryoichi Tanaka', 'Tetsuya Iwanaga', 'Yuu Hayashi', 'Keaton Yamada', 'Keiko Yamamoto', 'Ryuji Nakagi', 'Nobuaki Fukuda', 'Hidetoshi Nakamura', 'Hisao Egawa', 'Masato Hirano', 'Takkô Ishimori', 'Tomoko Ishimura']",nan,3.91,https://letterboxd.com//film/memories/
The Science of Sleep,2006,Michel Gondry,"['Gael García Bernal', 'Charlotte Gainsbourg', 'Miou-Miou', 'Alain Chabat', 'Emma de Caunes', 'Aurélia Petit', 'Sacha Bourdo', 'Pierre Vaneck', 'Stéphane Metzger', 'Alain de Moyencourt', 'Inigo Lezzi', 'Yvette Petit', 'Jean-Michel Bernard', 'Bertrand Delpierre', 'Eric Mariotto']",nan,3.59,https://letterboxd.com//film/the-science-of-sleep/
Tokyo Godfathers,2003,Satoshi Kon,"['Aya Okamoto', 'Yoshiaki Umegaki', 'Tohru Emori', 'Satomi Korogi', 'Mamiko Noto', 'Ryūji Saikachi', 'Kyôko Terase', 'Rikiya Koyama', 'Hiroya Ishimaru', 'Koichi Yamadera', 'Akio Otsuka', 'Yusaku Yara', 'Seizô Katô', 'Shozo Iizuka', 'Chiyako Shibahara', 'Mitsuru Ogata', 'Hidenari Ugaki']",nan,4.18,https://letterboxd.com//film/tokyo-godfathers/
Ant-Man,2015,Peyton Reed,"['Paul Rudd', 'Michael Douglas', 'Evangeline Lilly', 'Bobby Cannavale', 'Corey Stoll', 'Anthony Mackie', 'Judy Greer', 'Abby Ryder Fortson', 'Michael Peña', 'David Dastmalchian', 'T.I.', 'Wood Harris', 'Hayley Atwell', 'John Slattery', 'Martin Donovan', 'Garrett Morris', 'Gregg Turkington', 'Rod Hallett', 'Joe Chrest', 'Joe Bucaro III', 'Jean Louisa Kelly', 'Dax Griffin', 'Hayley Lovitt', 'Anna Akana', 'Stan Lee', 'Tom Kenny', 'Norma Alvarez', 'Darcie Isabella Cottrell', 'Teddy Williams', 'Carol Anne Watts', 'Chuck David Willis', 'Diana Chiritescu', 'Neko Parham', 'Onira Tarés', 'Zamani Wilder', 'Kylen Davis', 'Jim R. Coleman', 'Desmond Phillips', 'Aaron Saxton', 'Michael A. Cook', 'Ricki Lander', 'Rus Blackwell', 'Johnny Pemberton', 'Nicholas Barrera', 'Carlos Aviles', 'Lyndsi LaRose', 'Robert Crayton', 'Ajani Perkins', 'Jessejames Locorriere', 'Kevin Lacz', 'Michael Trisler', 'Daniel Stevens', 'Clay Donahue Fontenot', 'Michael Jamorski', 'Casey Pieretti', 'Antal Kalik', 'Adam Hart', 'Reuben Langdon', 'Todd Schneider', 'Zack Duhame', 'Alex Chansky', 'Kevin Buttimer', 'Danny Vasquez', 'Rick Avery', 'Erik Betts', 'Raul Colon', 'Chris Evans', 'Hayley Gagner', 'Vanessa Ross', 'Sebastian Stan']",nan,3.25,https://letterboxd.com//film/ant-man/
Psycho,1960,Alfred Hitchcock,"['Anthony Perkins', 'Janet Leigh', 'Vera Miles', 'John Gavin', 'Martin Balsam', 'John McIntire', 'Simon Oakland', 'Frank Albertson', 'Patricia Hitchcock', 'Vaughn Taylor', 'Lurene Tuttle', 'John Anderson', 'Mort Mills', 'Fletcher Allen', 'Walter Bacon', 'Kit Carson', 'Francis De Sales', 'George Dockstader', 'George Eldredge', 'Harper Flaherty', 'Sam Flint', 'Virginia Gregg', 'Alfred Hitchcock', 'Paul Jasmin', 'Lee Kass', 'Frank Killmond', 'Ted Knight', 'Pat McCaffrie', 'Hans Moebus', 'Jeanette Nolan', ""Lillian O'Malley"", 'Robert Osborne', 'Fred Scheiwiller', 'Helen Wallace']",nan,4.33,https://letterboxd.com//film/psycho/
The Whale,2022,Darren Aronofsky,"['Brendan Fraser', 'Sadie Sink', 'Ty Simpkins', 'Hong Chau', 'Samantha Morton', 'Sathya Sridharan', 'Jacey Sink', 'Alison Altman', 'Wilhelm Schalaudek']",nan,3.65,https://letterboxd.com//film/the-whale-2022/
Bohemian Rhapsody,2018,Bryan Singer,"['Rami Malek', 'Gwilym Lee', 'Ben Hardy', 'Joseph Mazzello', 'Lucy Boynton', 'Aidan Gillen', 'Allen Leech', 'Tom Hollander', 'Mike Myers', 'Aaron McCusker', 'Meneka Das', 'Ace Bhatti', 'Priya Blackburn', 'Max Bennett', 'Dermot Murphy', 'Dickie Beau', 'Jack Roth', 'Neil Fox-Roberts', 'Jess Radomska', 'Michelle Duncan', 'Ross Green', 'Bruce Mackinnon', 'Joshua Higgott', 'Pat Lally', 'William Owen', 'Philip Andrew', 'Tim Plester', 'Felipe Bejarano', 'Kieran Hardcastle', 'Martin Oelbermann', 'Ian Gabriel Dumdum', 'Matt Greenwood', 'Royce Cronin', 'James MacLaren', 'Andrew Bowerman', 'Drew P.', 'Haf Gibson', 'Honor Hellon', 'Rosy Benjamin', 'Leila Crerar', 'Katherine Newman', 'Adam Rauf', 'Peter Howe', 'John Ottman', 'James Wallace', 'Matthew Houston', 'Scott Morrison Watson', 'Devlin Lloyd', 'Stefan Kopiecki', 'Garry Summers', 'Matthew Fredricks', 'Ian Jareth Williamson', 'Adam Lazarus', 'Johanna Thea', 'Adam Lambert', 'Andreea Helen David', 'Jason Lines', 'Adam James Johnston']",nan,3.37,https://letterboxd.com//film/bohemian-rhapsody/
Marriage Story,2019,Noah Baumbach,"['Adam Driver', 'Scarlett Johansson', 'Laura Dern', 'Alan Alda', 'Ray Liotta', 'Julie Hagerty', 'Merritt Wever', 'Azhy Robertson', 'Wallace Shawn', 'Martha Kelly', ""Mark O'Brien"", 'Julia Greer', 'Matthew Maher', 'Eric Berryman', 'Mickey Sumner', 'Jasmine Cephas Jones', 'Gideon Glick', 'Motell Gyn Foster', 'David Turner', 'Raymond J. Lee', 'Mary Wiseman', 'Pete Simpson', 'Irene Choi', 'Matthew Shear', 'Becca Blackwell', 'Brooke Bloom', 'Hannah Dunne', 'McKinley Belcher III', 'Roslyn Ruff', 'Santiago Mallan', 'Robert Smigel', 'Amanda Rovner', 'Carlos Jacott', 'Sarah Jones', 'Dean Wareham', 'Bashir Salahuddin', 'Vinny Chhibber', 'Ayden Mayeri', 'Erin Evans', 'Lucas Neff', 'Annie Hamilton', 'Tunde Adebimpe', 'Jordyn Curet', 'Justin Claiborne', 'Kyle Bornheimer', 'Pilar Holland', 'Emily Cass McDonnell', 'Andrew Steven Hernandez', 'Amir Talai', 'Juan Alfonso', 'Connie Marie Flores', 'Jeremy Barber', 'Rich Fulcher', 'Mary Hollis Inboden', 'Peter Oliver', 'Bill Blair']",nan,4.01,https://letterboxd.com//film/marriage-story-2019/
A Quiet Place,2018,John Krasinski,"['Emily Blunt', 'John Krasinski', 'Millicent Simmonds', 'Noah Jupe', 'Cade Woodward', 'Leon Russom', 'Rhoda Pell']",nan,3.65,https://letterboxd.com//film/a-quiet-place-2018/
Puss in Boots: The Last Wish,2022,Joel Crawford,"['Antonio Banderas', 'Salma Hayek Pinault', 'Harvey Guillén', 'Wagner Moura', 'Florence Pugh', 'Olivia Colman', 'Ray Winstone', 'Samson Kayo', 'John Mulaney', ""Da'Vine Joy Randolph"", 'Anthony Mendez', 'Kevin McCann', 'Bernardo de Paula', 'Betsy Sodaro', 'Artemis Pebdani', 'Conrad Vernon', 'Cody Cameron', 'Kailey Crawford', 'Al Rodrigo', 'Bob Persichetti', 'Miguel Matrai', 'Pilar Uribe', 'Heidi Gardner', 'Joel Crawford', 'Januel Mercado', 'James Ryan', 'Natalia Cronembold', 'Paul Fisher', 'Aydrea Walden']",nan,4.17,https://letterboxd.com//film/puss-in-boots-the-last-wish/
Guardians of the Galaxy Vol. 3,2023,James Gunn,"['Chris Pratt', 'Zoe Saldaña', 'Dave Bautista', 'Karen Gillan', 'Pom Klementieff', 'Vin Diesel', 'Bradley Cooper', 'Sean Gunn', 'Chukwudi Iwuji', 'Will Poulter', 'Maria Bakalova', 'Elizabeth Debicki', 'Sylvester Stallone', 'Austin Freeman', 'Stephen Blackehart', 'Terence Rosemore', 'Sarah Alami', 'Jasmine Munoz', 'Giovannie Cruz', 'Nico Santos', 'Miriam Shor', 'Noa Raskin', 'Linda Cardellini', 'Asim Chaudhry', 'Mikaela Hoover', 'Judy Greer', 'Reinaldo Faberlle', 'Tara Strong', 'Jared Leland Gore', 'Michael Rosenbaum', 'Elan Gale', 'Molly C. Quinn', 'Gerardo Davila', 'Dee Bradley Baker', 'Hanna Pak', 'Jennifer Holland', 'Nathan Fillion', 'Kyle Mclean', 'Benjamin Byron Davis', 'Tiffany Smith', 'Joe Daru', 'Daniela Melchior', 'Jonathan Mercedes', 'Jonathan Fritschi', 'Diego Ward', 'Max Bickelhaup', 'Brandon Morales', 'Renae Moneymaker', 'Alexis Hadesty', 'Tara Warren', 'Candi VandiZandi', 'Grecia Balboa', 'Caleb Spillyards', 'Darla Delgado', 'Michelle Civile', 'Ken Lyle', 'Elodie Clarke', 'John William Wright', 'Autumn Griffin', 'Skylar Huntley', 'Randy Havens', 'Dane DiLiegro', 'Kai Zen', 'Sarah Anne', 'Yael Ocasio', 'Adelynn Spoon', 'Henry Heffernan', 'Brooklyn Skye Oliver', 'Scarlett Blum', 'Baby Dro', 'Emery Grilliot', 'Amelia Waters', 'Lloyd Kaufman', 'Seth Green', 'Christopher Fairbank', 'Rhett Miller', 'Natalia Safran', 'Murphy Weed', 'Michael Rooker', 'James Gunn', 'Pete Davidson', 'Jessica Fontaine', 'Karen Abercrombie', 'Gregg Henry', 'Adriana Leonard', 'Bonnie Discepolo', 'Clare Grant', 'Grace Gunn', 'Will Gunn']",nan,4.02,https://letterboxd.com//film/guardians-of-the-galaxy-vol-3/
Fair Play,2023,Chloe Domont,"['Phoebe Dynevor', 'Alden Ehrenreich', 'Sebastian de Souza', 'Eddie Marsan', 'Rich Sommer', 'Geraldine Somerville', 'Sia Alipour', 'Jim Sturgeon', 'Jamie Wilkes', 'Buck Braithwaite', 'Laurel Lefkow', 'Yacine Ramoul']",nan,3.58,https://letterboxd.com//film/fair-play-2023/
Seven Samurai,1954,Akira Kurosawa,"['Toshirō Mifune', 'Takashi Shimura', 'Yoshio Inaba', 'Seiji Miyaguchi', 'Minoru Chiaki', 'Daisuke Katō', 'Isao Kimura', 'Keiko Tsushima', 'Yukiko Shimazaki', 'Kamatari Fujiwara', 'Yoshio Kosugi', 'Bokuzen Hidari', 'Yoshio Tsuchiya', 'Kokuten Kōdō', 'Eijirō Tōno', 'Jun Tatara', 'Atsushi Watanabe', 'Toranosuke Ogawa', 'Isao Yamagata', 'Kichijirô Ueda', 'Sôjin Kamiyama', 'Gen Shimizu', 'Keiji Sakakida', 'Shinpei Takagi', 'Shin Ôtomo', 'Toshio Takahara', 'Hiroshi Sugi', 'Hiroshi Hayashi', 'Sachio Sakai', 'Sôkichi Maki', 'Ichirô Chiba', 'Noriko Sengoku', 'Noriko Honma', 'Masanobu Ôkubo', 'Etsuo Saijo', 'Minoru Itō', 'Haruya Sakamoto', 'Gorô Sakurai', 'Hideo Shibuya', 'Kiyoshi Kamoda', 'Senkichi Ômura', 'Takashi Narita', 'Shôichi Hirose', 'Kôji Uno', 'Masaaki Tachibana', 'Kamayuki Tsubono', 'Taiji Naka', 'Chindanji Miyagawa', 'Shigemi Sunagawa', 'Akira Tani', 'Akio Kusama', 'Ryûtarô Amami', 'Jun Mikami', 'Haruo Nakajima', 'Sanpei Mine', 'Masahide Matsushita', 'Kaneo Ikeda', 'Takuzô Kumagaya', 'Ippei Kawagoe', 'Jirô Suzukawa', 'Junpei Natsuki', 'Kyôichi Kamiyama', 'Haruo Suzuki', 'Gorô Amano', 'Akira Kitchôji', 'Kōji Iwamoto', 'Hiroshi Akitsu', 'Akira Yamada', 'Kazuo Imai', 'Eisuke Nakanishi', 'Toku Ihara', 'Hideo Ôtsuka', 'Shû Ôe', 'Yasuhisa Tsutsumi', 'Yasumasa Ônishi', 'Tsuneo Katagiri', 'Megeru Shimoda', 'Masayoshi Kawabe', 'Shigeo Katô', 'Yoshikazu Kawamata', 'Takeshi Seki', 'Haruko Toyama', 'Tsuruko Mano', 'Matsue Ono', 'Tsurue Ichimanji', 'Masako Ôshiro', 'Kyōko Ozawa', 'Michiko Kadono', 'Toshiko Nakano', 'Shizuko Azuma', 'Michiko Kawabe', 'Yûko Togawa', 'Yayoko Kitano', 'Kyoko Mori', 'Misao Suyama', 'Toriko Takahara', 'Takeshi Katō', 'Tatsuya Nakadai', 'Ken Utsui', 'Ren Yamamoto']",nan,4.6,https://letterboxd.com//film/seven-samurai/
Flee,2021,Jonas Poher Rasmussen,"['Amin Nawabi', 'Daniel Karimyar', 'Fardin Mijdzadeh', 'Milad Eskandari', 'Belal Faiz', 'Elaha Faiz', 'Zahra Mehrwarz', 'Sadia Faiz', 'Georg Jagunov', 'Rashid Aitouganov', 'Navid Nazir', 'Hafiz Højmark', 'Denis Rivin', 'Vadim Nedaskovskij', 'Viktor Melnikov', 'Mikhail Belinson', 'Ditte Graa Wulff', 'Bo Asdal Andersen', 'The Dungeon Master', 'Behrouz Bigdeli', 'Christian Torp Carlsen', 'Gustaf Georg Lindström', 'Tormod Ringnes', 'Susanna Azevedo', 'Mauricio González-Aranda', 'Jean-Pierre Pernaut', 'Mohammad Najibullah']",nan,4.18,https://letterboxd.com//film/flee-2021/
Fantastic Planet,1973,René Laloux,"['Gérard Hernandez', 'Jean Valmont', 'Jennifer Drake', 'Yves Barsacq', 'Jeanine Forney', 'Éric Baugin', 'Jean Topart', 'William Coryn', 'Sylvie Lenoir', 'Philippe Ogouz', 'Irina Tarassov', 'Yvette Robin', 'Michèle Chahan', 'Madeleine Clervanne', 'Poupy de Monneron', 'Max Amyl', 'Denis Boileau', 'Hubert de Lapparent', 'Christian de Tillière', 'Christian Echelard', 'Claude Joseph', 'Pascal Kominakis', 'André Lambert', 'Mark Lesser', 'Serge Netter', 'André Rouyer', 'Jacques Ruisseau', 'Julien Thomast', 'Gilbert Vilhon', 'Paul Villé']",nan,4.01,https://letterboxd.com//film/fantastic-planet/
Mad God,2021,Phil Tippett,"['Alex Cox', 'Niketa Roman', 'Satish Ratakonda', 'Harper Taylor', 'Brynn Taylor', 'Hans Brekke', 'Brett Foxwell', 'Jake Freytag', 'Harper Gibbons', 'Tom Gibbons', 'Tucker Gibbons', 'Arne Hain', 'David Lauer', 'Chris Morley', 'Alexandre Poncet', 'Anthony Ruivivar', 'Talal Selhami']",nan,3.77,https://letterboxd.com//film/mad-god/
Adaptation.,2002,Spike Jonze,"['Nicolas Cage', 'Meryl Streep', 'Chris Cooper', 'Tilda Swinton', 'Jay Tavare', 'Litefoot', 'Roger Willie', 'Jim Beaver', 'Cara Seymour', 'Doug Jones', 'Gary Farmer', 'Peter Jason', 'Gregory Itzin', 'Curtis Hanson', 'Agnes NaDene Baddoo', 'Paul Fortune', 'Paul Jasmin', 'Lisa Love', 'Wendy Mogel', 'David O. Russell', 'Judy Greer', 'Maggie Gyllenhaal', 'Bob Stephenson', 'Bob Yerkes', 'Lynn Court', 'Roger E. Fanter', 'Sandra Lee Gimpel', 'Caron Colvett', 'Larry Krask', 'Ron Livingston', 'Brian Cox', 'John Etter', 'Ray Berrios', 'Nancy Lenehan', 'John Cusack', 'Catherine Keener', 'John Malkovich', 'Curt Clendenin', 'Donald Dowd']",nan,4.1,https://letterboxd.com//film/adaptation/
Layer Cake,2004,Matthew Vaughn,"['Daniel Craig', 'Sienna Miller', 'Tom Hardy', 'Colm Meaney', 'George Harris', 'Sally Hawkins', 'Kenneth Cranham', 'Jamie Foreman', 'Michael Gambon', 'Ben Whishaw', 'Dragan Mićanović', 'Stephen Walters', 'Louis Emerick', 'Dexter Fletcher', 'Tamer Hassan', 'Jason Flemyng', 'Nathalie Lunghi', 'Rab Affleck', 'Burn Gorman', 'Steve John Shepherd', 'Daniel Moorehead', 'Francis Magee', 'Philip Howard', 'Darren Sean Enright', 'James Dodd', 'Kelly-Marie Kerr', 'Nick Thomas-Webster', 'Don McCorkindale', 'Budge Prewitt', 'Neil Finnighan', 'Ben Brazier', 'Ivan Kaye', 'Darren Healy', 'Matt Ryan', 'Paul Orchard', 'Marvin Benoit', 'Garry Tubbs', 'Dimitri Andreas', 'Marcel Iureș', 'Brinley Green', 'Peter Rnic']",nan,3.5,https://letterboxd.com//film/layer-cake/
American Beauty,1999,Sam Mendes,"['Kevin Spacey', 'Annette Bening', 'Thora Birch', 'Wes Bentley', 'Mena Suvari', 'Chris Cooper', 'Allison Janney', 'Peter Gallagher', 'Scott Bakula', 'Sam Robards', 'Barry Del Sherman', 'John Cho', 'Hal Fort Atkinson', 'Kent Faulcon', 'Ara Celi', 'Sue Casey', 'Brenda Wehle', 'Lisa Cloud', 'Amber Smith', 'Joel McCrary', 'Marissa Jaret Winokur', 'Dennis Anderson', 'Matthew Kimbrough', 'Erin Cathryn Strubbe', 'Alison Faulk', 'Krista Goodsitt', 'Lily Houtkin', 'Carolina Lancaster', 'Mona Leah', 'Chekesha Van Putten', 'Emily Zachary', 'Nancy Anderson', 'Reshma Gajjar', 'Stephanie Rizzo', 'Heather Joy Sher', 'Chelsea Hertford', 'Elaine Corral Kendall', 'David C. Fisher', 'Tom Miller', 'Bruce Cohen']",nan,3.97,https://letterboxd.com//film/american-beauty/
The Secret Life of Walter Mitty,2013,Ben Stiller,"['Ben Stiller', 'Kristen Wiig', 'Sean Penn', 'Shirley MacLaine', 'Adam Scott', 'Kathryn Hahn', 'Patton Oswalt', 'Adrian Martinez', 'Ólafur Darri Ólafsson', 'Gunnar Helgason', 'Terence Bernie Hines', 'Alex Anfanger', 'Gary Wilmes', 'Jon Daly', 'Asta Paredes', 'Gurdeep Singh', 'Paul Fitzgerald', 'Grace Rex', 'Amanda Naughton', 'Nolan Carley', 'Joey Slotnick', 'Marcus Antturi', 'Amy Stiller', 'Rosamund Gundmundsdottir', 'Stuart Cornfeld', 'Maariu Olsen', 'Makka Kleist', 'Þórhallur Sigurðsson', 'Ari Matthíasson', 'Hendrikus Schraven', 'Finni Johannsson', 'Eysteinn Gardarsson', 'José Alcántara', 'Rodrigo Espinosa', 'Seba Alón', 'Miguel Baez-Olavarria', 'Daniel Orellana', 'Antonio Molina', 'Martin Lagos', 'Andres Quezada', 'Valur Snaer Hilmarsson', 'Eythor Atli Hilmarsson', 'Birgir Jarl Runarsson', 'Kai Lennox', ""Conan O'Brien"", 'Andy Richter', 'Anthony Desio', 'Losang Thonden', 'Rinjee Sherpa', 'Haroon Nawabi', 'Stefan B. Onundarson', 'Mohammed Arif Baser', 'Mohammed Pancherri', 'Ehsan Nawroz', 'Steve Assil', 'Ang Babu Sherpa', 'Ang Gelu Sherpa', 'Dawa Sherpa', 'Ngima T. Sherpa', 'Nuri Chhiri Sherpa', 'Lhakpa Sonam Sherpa', 'Phurba Tashi Sherpa', 'Walter Mudu', 'Liz Mikel', 'Brian Scott McFadden', 'Dion Graham', 'Richard DeDomenico', 'Matt Levin', ""Craig 'Radioman' Castaldo"", 'George Aloi', 'Paul Bosche', 'Jerome Brooks Jr.', 'Brady Bryson', 'Greg Cipes', 'Marmee Regine Cosico', 'Jay Ferraro', 'Gary Ferster', 'Samantha Gelnaw', 'Efraiem Hanna', 'Rosemary Howard', 'Ilan Krigsfeld', 'Alex Kruz', 'Anna Kuchma', 'Dennis Lauricella', 'Raymond Mamrak', 'Jennifer Leigh Mann', 'Ryan McBride', 'Ryan Nicolls', 'Hal Panchansky', 'Roy Pollack', 'Wes Pope', 'Lil Rhee', 'Bennie Road', 'Shade Rupe', 'Stephen Sapienza', 'Chloe Elaine Scharf', 'Joshua Schubart', 'Tara Strong', 'Rob Tode', 'Marco Torriani', 'Barbara Vincent', 'Hynden Walch', 'Kelsey Wang', 'Christopher Watts', 'William Henderson White', 'Nicole Neuman', 'Dennis Rees']",nan,3.68,https://letterboxd.com//film/the-secret-life-of-walter-mitty-2013/
"Synecdoche, New York",2008,Charlie Kaufman,"['Philip Seymour Hoffman', 'Samantha Morton', 'Jennifer Jason Leigh', 'Michelle Williams', 'Catherine Keener', 'Emily Watson', 'Tom Noonan', 'Sadie Goldstein', 'Hope Davis', 'Dianne Wiest', 'Stanley Krajewski', 'Kristen Bush', 'Alice Drummond', 'Amy Wright', ""Deirdre O'Connell"", 'Elizabeth Marvel', 'Charles Techman', 'Tom Greer', 'Josh Pais', 'Lynn Cohen', 'Jerry Adler', 'Daisy Tahan', 'Frank Girardeau', 'Peter Friedman', 'Daniel London', 'Robert Seay', 'Stephen Adly Guirgis', 'Joe Lisi', 'Michael Medeiros', 'Christopher Evan Welch', 'William Ryall', 'Rosemary Murphy', 'John Rothman', 'Paul Sparks', 'Tim Guinee', 'Robin Weigert', 'Michael Higgins', 'Barbara Haas', 'Greg McFadden', 'Alvin Epstein', 'Gerald Emerick', 'Chris McGinn', 'Dan Ziskie', 'Portia', 'Nicholas Wyman', 'Amy Spanger', 'Timothy Doyle', 'Cliff Carpenter', 'Raymond Angelic Sr.', 'Erica Fae', 'Mark Lotito', 'Laura Odeh', 'Deanna Storey', 'Frank Wood', 'Amanda R. Phillips', 'Kat Peters']",nan,4.19,https://letterboxd.com//film/synecdoche-new-york/
Moulin Rouge!,2001,Baz Luhrmann,"['Nicole Kidman', 'Ewan McGregor', 'John Leguizamo', 'Jim Broadbent', 'Richard Roxburgh', 'Garry McDonald', 'Jacek Koman', 'Matthew Whittet', 'Kerry Walker', ""Caroline O'Connor"", 'Christine Anu', 'Natalie Mendoza', 'Lara Mulcahy', 'David Wenham', 'Kylie Minogue', 'Ozzy Osbourne', 'Deobia Oparei', 'Linal Haft', 'Keith Robinson', 'Peter Whitford', 'Norman Kaye', 'Arthur Dignam', 'Carole Skinner', 'Jonathan Hardy', 'Plácido Domingo', 'Kiruna Stamell', 'Anthony Young', 'Dee Donavan', 'Johnny Lockwood', 'Don Reid', 'Tara Morice', 'Daniel Scott', 'Veronica Beattie', 'Lisa Callingham', 'Rosetta Cook', 'Fleur Denny', 'Kelly Grauer', 'Jaclyn Hanson', 'Michelle Hopper', 'Fallon King', 'Wendy McMahon', 'Tracie Morley', 'Sue-Ellen Shook', 'Jenny Wilson', 'Luke Alleva', 'Andrew Aroustian', 'Stephen Colyer', 'Steve Grace', 'Mark Hodge', 'Cameron Mitchell', 'Deon Nuku', 'Shaun Parker', 'Troy Phillips', 'Rodney Syaranamual', 'Ashley Wallen', 'Nathan Wright', 'Susan Black', 'Nicole Brooks', 'Danielle Brown', 'Anastacia Flewin', 'Fiona Gage', 'Alex Harrington', 'Camilla Jakimowicz', 'Rochelle Jones', 'Caroline Kaspar', 'Mandy Liddell', 'Melanie Mackay', 'Elise Mann', 'Charmaine Martin', 'Michelle Wriggles', 'Michael Boyd', ""Lorry D'Ercole"", 'Michael Edge', 'Glyn Gray', 'Craig Haines', 'Stephen Holford', 'Jamie Jewell', 'Jason King', 'Ryan Males', 'Harlin Martin', 'Andrew Micallef', 'Jonathan Schmölzer', 'Bradley Spargo', ""Joseph 'Pepe' Ashton"", 'Jordan Ashton', 'Marcos Falagan', 'Mitchel Falagan', 'Chris Mayhew', 'Hamish McCann', 'Adrien Janssen', 'Shaun Holloway', 'Darren Dowlut', 'Dennis Dowlut', 'Pina Conti', 'Nandy McClean', 'Maya McClean', 'Patrick Harding-Irmer', 'Albin Pahernik', 'Aurel Verne', 'Kip Gamblin', 'Wilson Alcorn', 'Kerry Casey', 'Peter Collingwood', 'Cass Cumerford', 'Matthew Dale', 'Brenda De Lacy', 'Eliana Dona', 'Nash Edgerton', 'Coralie Eichholtz', 'Tim Elliott', 'Pat Evans', 'Nicole Fantl', 'Sandi Finlay', 'Waldo Garrido', 'Scott Gregory', 'Kahlia Greksa', 'Karinna Greksa', 'Trent Harlow', 'Troy Harrison', 'Geoffrey Kiem', 'Harold Kissin', 'Ian Lind', 'Tony Lynch', 'Angus Martin', 'Liliya May', 'Paul Maybury', 'Scott Peters', 'Chris Pickard', 'Greg Poppleton', 'Brett Praed', 'Thern Reynolds', 'Greg Robinson', 'David Scotchford', 'Neeraj Singh', 'Sotiri Sotiropoulos', 'David Whitford', 'Matt Wilson']",nan,3.72,https://letterboxd.com//film/moulin-rouge-2001/
Heat,1995,Michael Mann,"['Robert De Niro', 'Al Pacino', 'Val Kilmer', 'Jon Voight', 'Tom Sizemore', 'Diane Venora', 'Amy Brenneman', 'Ashley Judd', 'Kevin Gage', 'Mykelti Williamson', 'Wes Studi', 'Ted Levine', 'Natalie Portman', 'Danny Trejo', 'William Fichtner', 'Hank Azaria', 'Dennis Haysbert', 'Tom Noonan', 'Susan Traylor', 'Kim Staunton', 'Henry Rollins', 'Jerry Trimble', 'Martin Ferrero', 'Ricky Harris', 'Tone Loc', 'Begonya Plaza', 'Hazelle Goodman', 'Ray Buktenica', 'Jeremy Piven', 'Xander Berkeley', 'Rick Avery', 'Brad Baldridge', 'Andrew Camuccio', 'Brian Camuccio', 'Max Daniels', 'Vince Deadrick Jr.', 'Charles Duke', 'Thomas Elfmont', 'Kenny Endoso', 'Kimberly Flynn', 'Steven Ford', 'Farrah Forke', 'Hannes Fritsch', 'Amanda Graves', 'Emily Graves', 'Niki Haris', 'Ted Harvey', 'Patricia Healy', 'Paul Herman', 'Cindy Katz', 'Brian Libby', 'Bill McIntosh', 'Dan Martin', 'Rick Marzan', 'Terry Miller', 'Paul Moyer', ""Daniel O'Haco"", 'Mario Roberts', 'Phillip Robinson', 'Thomas Rosales Jr.', 'Rainell Saunders', 'Kai Soremekun', 'Rey Verdugo', 'Wendy L. Walsh', 'Yvonne Zima', 'Monica Lee Bellais', 'Peter Blackwell', 'Trevor Coppola', 'Bud Cort', 'Annette Goodman', 'Mick Gould', 'Mary Kircher', 'David Koseruba', 'Melissa S. Markess', 'Andre McCoy', 'Darren Melton', 'Robert Miranda', 'Kathryn Mullen', 'Manny Perry', 'Jimmy N. Roberts', 'Iva Franks-Singer', 'Gloria Koehn Straube', 'Viviane Vives', 'Tim Werner', 'Jimmy Star']",nan,4.26,https://letterboxd.com//film/heat-1995/
The Worst Person in the World,2021,Joachim Trier,"['Renate Reinsve', 'Anders Danielsen Lie', 'Herbert Nordrum', 'Hans Olav Brenner', 'Helene Bjørnebye', 'Vidar Sandem', 'Maria Grazia Di Meo', 'Lasse Gretland', 'Karen Røise Kielland', 'Marianne Krogh', 'Thea Stabell', 'Deniz Kaya', 'Eia Skjønsberg', 'Ruby Dagnall', 'Torgny Amdam', 'Rebekka Jynge', 'Sigrid Sollund', 'Are Skeie Hermansen', 'Siri Forberg', 'Sofia Schandy Bloch', 'Anna Dworak', 'Savannah Marie Schei', 'August Wilhelm Méd Brenner', 'Karla Nitteberg Aspelin', 'Tumi Løvik Jakobson', 'Jonathan Nielssen', 'Maren Emilie Haagenrud Buskoven', 'Olav Stubberud', 'Martin Gran', 'Geir Ørnholt', 'Tobias Klemeyer Smith', 'Nataniel Nordnes', 'Trygve Indrelid', 'Trude Schjelderup Iversen', 'Zoe Maland Rogers', 'Jonas Lund', 'Hildur Kristinsdottir', 'Johanna Brym Ryg', 'Thomas Teige', 'Margrethe Glambek', 'Ine Jansen', 'Gisle Tveito']",nan,4.15,https://letterboxd.com//film/the-worst-person-in-the-world/
Tangled,2010,"Byron Howard, Nathan Greno","['Mandy Moore', 'Zachary Levi', 'Donna Murphy', 'Ron Perlman', 'M.C. Gainey', 'Jeffrey Tambor', 'Brad Garrett', 'Paul F. Tompkins', 'Richard Kiel', 'Delaney Rose Stein', 'Nathan Greno', 'Byron Howard', 'Tim Mertens', 'Michael Bell', 'Bob Bergen', 'Susanne Blakeslee', 'Roy Conli', 'David Cowgill', 'Terri Douglas', 'Chad Einbinder', 'Pat Fraley', 'Eddie Frierson', 'Jackie Gonneau', 'Nicholas Guest', 'Bridget Hoffman', 'Daniel Kaz', 'Anne Lockhart', 'Mona Marshall', 'Scott Menville', 'Laraine Newman', 'Paul Pape', 'Lynwood Robinson', 'Fred Tatasciore', 'Hynden Walch', 'Kari Wahlgren', 'June Christopher']",nan,3.86,https://letterboxd.com//film/tangled-2010/
Pan's Labyrinth,2006,Guillermo del Toro,"['Ivana Baquero', 'Maribel Verdú', 'Sergi López', 'Doug Jones', 'Ariadna Gil', 'Álex Angulo', 'Roger Casamajor', 'Manolo Solo', 'César Vea', 'Iván Massagué', 'Gonzalo Uriarte', 'Eusebio Lázaro', 'Francisco Vidal', 'Juanjo Cucalón', 'Lina Mira', 'Mario Zorrilla', 'Sebastián Haro', 'Mila Espiga', 'Pepa Pedroche', 'Lalá Gatóo', 'Ana Sáez', 'Chani Martín', 'Milo Taboada', 'Fernando Albizu', 'Pedro G. Marzo', 'José Luis Torrijo', 'Íñigo Garcés', 'Fernando Tielve', 'Federico Luppi', 'Chicho Campillo', 'Pablo Adán']",nan,4.17,https://letterboxd.com//film/pans-labyrinth/
"Paris, Texas",1984,Wim Wenders,"['Harry Dean Stanton', 'Nastassja Kinski', 'Dean Stockwell', 'Hunter Carson', 'Aurore Clément', 'Bernhard Wicki', 'John Lurie', 'Jeni Vici', 'Sally Norvell', 'Socorro Valdez', 'Claresie Mobley', 'Viva', 'Tom Farrell', 'Sam Berry', 'Edward Fayton', 'Justin Hogg', 'Sharon Menzel', 'The Mydolls', 'Brandy Tipton']",nan,4.4,https://letterboxd.com//film/paris-texas/
Jojo Rabbit,2019,Taika Waititi,"['Roman Griffin Davis', 'Thomasin McKenzie', 'Scarlett Johansson', 'Taika Waititi', 'Sam Rockwell', 'Rebel Wilson', 'Alfie Allen', 'Stephen Merchant', 'Archie Yates', 'Luke Brandon Field', 'Joe Weintraub', 'Brian Caspe', 'James McVan', 'Judith Georgi', 'Victoria Hogan', 'Bethany Adams', 'Iva Šindelková', 'Matej Seifert', 'Trish Osmond', 'Odeta Cali', 'Samuel Bogner', 'Robert East', 'Curtis Matthew', 'Hardy Griffin Davis', 'Christian Howlings', 'Billy Rayner', 'Gabriel Andrews', 'Stanislav Callas', 'Sam Haygarth', 'Issy Stewart', 'Gilby Griffin Davis', 'Adolf Hitler']",nan,4.04,https://letterboxd.com//film/jojo-rabbit/
"Girl, Interrupted",1999,James Mangold,"['Winona Ryder', 'Angelina Jolie', 'Brittany Murphy', 'Clea DuVall', 'Elisabeth Moss', 'Whoopi Goldberg', 'Vanessa Redgrave', 'Jared Leto', 'Jeffrey Tambor', 'Travis Fine', 'Angela Bettis', 'Jillian Armenante', 'Drucie McDaniel', 'Christina Myers', 'Mary Kay Place', 'KaDee Strickland', 'Misha Collins', 'Kurtwood Smith', 'David Scott Taylor', 'Joanna Kerns', 'Janet Greer', 'Anne Lewis', 'Katie Rimmer']",nan,3.86,https://letterboxd.com//film/girl-interrupted/
Joker,2019,Todd Phillips,"['Joaquin Phoenix', 'Robert De Niro', 'Zazie Beetz', 'Frances Conroy', 'Brett Cullen', 'Shea Whigham', 'Bill Camp', 'Glenn Fleshler', 'Leigh Gill', 'Josh Pais', 'Rocco Luna', 'Marc Maron', 'Sondra James', 'Murphy Guyer', 'Douglas Hodge', 'Dante Pereira-Olson', 'Carrie Louise Putrello', 'Sharon Washington', 'Hannah Gross', 'Frank Wood', 'Brian Tyree Henry', 'April Grace', 'Mick Szal', 'Carl Lundstedt', 'Michael Benz', 'Ben Warheit', 'Gary Gulman', 'Sam Morril', 'Chris Redd', 'Mandela Bellamy', 'Demetrius Dotson II', 'Greer Barnes', 'Ray Iannicelli', 'Bryan Callen', 'Peter Hans Benson', 'Vito Gerbino', 'Adam Quezada', 'Xavyer Ureña', 'Evan Rosado', 'Damian Emmanuel', 'Mike Troll', 'Jane Fergus', 'David Gibson', 'Tony D. Head', 'Jeff McCarthy', 'Kim Brockington', 'Troy Roberts', 'Lou Young', 'Michael-Scott Druckenmiller', 'Craig Austin', 'John Cenatiempo', 'Danny Schoch', 'Keith Buterbaugh', 'James Ciccone', 'Rich Campbell', 'Roger Squitero', 'Steven Elson', 'Graham Mabry', 'John Alldred', 'Alonzo Wright', 'Jack Wilkins', 'Richard Baratta', 'Mary Kate Malat', 'Adrienne Lovette', 'Justin Theroux', 'Alissa Bourne', 'Jamaal Burcher', 'John Cashin', 'Jason John Cicalese', 'Brendan Patrick Connor', 'Blaise Corrigan', 'Dennis Jay Funny', 'James P. Harkins', 'Joseph Hernandez', 'Ben Heyman', 'Graham Maby', 'Jesse Schratz', 'Isabella Ferreira', 'Shade Rupe']",nan,3.82,https://letterboxd.com//film/joker-2019/
Neon Genesis Evangelion: The End of Evangelion,1997,"Hideaki Anno, Kazuya Tsurumaki","['Megumi Ogata', 'Megumi Hayashibara', 'Kotono Mitsuishi', 'Yuko Miyamura', 'Fumihiko Tachiki', 'Miki Nagasawa', 'Takehito Koyasu', 'Hiro Yuuki', 'Yuriko Yamaguchi', 'Motomu Kiyokawa', 'Akira Ishida', 'Mugihito']",nan,4.46,https://letterboxd.com//film/neon-genesis-evangelion-the-end-of-evangelion/
Your Name.,2016,Makoto Shinkai,"['Ryunosuke Kamiki', 'Mone Kamishiraishi', 'Ryo Narita', 'Aoi Yuki', 'Nobunaga Shimazaki', 'Kaito Ishikawa', 'Kanon Tani', 'Masaki Terasoma', 'Sayaka Ohara', 'Kazuhiko Inoue', 'Chafurin', 'Yuka Kato', 'Kana Hanazawa', 'Shinya Hamazoe', 'Masami Nagasawa', 'Etsuko Ichihara', 'Yuka Terasaki', 'Takashi Onozuka', 'Kanami Satou', 'Shinjirou Gouda', 'Yasuhiro Kikuchi', 'Tamari Hinata', 'Nozomi Yamane', 'Yuuki Shin', 'Tatsuya Murakami', 'Nodoka Hasegawa', 'Baron Yamazaki', 'Suguru Inoue', 'Ryoko Usami', 'Miho Morisaki', 'Tsuyoshi Minamijima', 'Aika Oomae', 'Tomohiro Yamaguchi', 'Takayuki Nakatsukasa', 'Hiroki Matsukawa', 'Shouko Negoro', 'Yuki Ominami', 'Manami Hanawa', 'Miho Tabata', 'Eriko Tomioka', 'Eiji Yamamoto', 'Yôhei Namekawa']",nan,4.21,https://letterboxd.com//film/your-name/
The Godfather: Part II,1974,Francis Ford Coppola,"['Al Pacino', 'Robert Duvall', 'Diane Keaton', 'Robert De Niro', 'John Cazale', 'Talia Shire', 'Lee Strasberg', 'Michael V. Gazzo', 'G. D. Spradlin', 'Richard Bright', 'Gastone Moschin', 'Tom Rosqui', 'Bruno Kirby', 'Frank Sivero', 'Francesca De Sapio', 'Morgana King', 'Marianna Hill', 'Leopoldo Trieste', 'Dominic Chianese', 'Amerigo Tot', 'Troy Donahue', 'John Aprea', 'Joe Spinell', 'Abe Vigoda', 'Tere Livrano', 'Gianni Russo', 'Maria Carta', 'Oreste Baldini', 'Giuseppe Sillato', 'Mario Cotone', 'James Gounaris', 'Fay Spain', 'Harry Dean Stanton', 'David Baker', 'Carmine Caridi', 'Danny Aiello', 'Carmine Foresta', 'Nick Discenza', 'Joseph Medaglia', 'William Bowers', 'Joseph Della Sorte', 'Carmen Argenziano', 'Joe Lo Grippo', 'Ezio Flagello', 'Livio Giorgi', 'Kathleen Beller', 'Saveria Mazzola', 'Tito Alba', 'Johnny Naranjo', 'Elda Maida', 'Salvatore Po', 'Ignazio Pappalardo', 'Andrea Maugeri', 'Peter LaCorte', 'Vincent Coppola', 'Peter Donat', 'Tom Dahlgren', 'Paul B. Brown', 'Phil Feldman', 'Roger Corman', 'Ivonne Coll', 'Joe De Nicola', 'Edward Van Sickle', 'Gabriella Belloni', 'Richard Watson', 'Venancia Grangerard', 'Erica Yohn', 'Teresa Tirelli', 'James Caan', 'Italia Coppola', 'Roman Coppola', 'Sofia Coppola', 'Victor Pujols Faneyte', 'Julie Gregg', 'Larry Guardino', 'Buck Houghton', 'Shô Kosugi', 'Gary Kurtz', 'Richard Matheson', 'John Megna', 'Jay Rasumny', 'Filomena Spagnuolo', 'Julian Voloshin']",nan,4.59,https://letterboxd.com//film/the-godfather-part-ii/
Fallen Angels,1995,Wong Kar-wai,"['Leon Lai', 'Charlie Yeung', 'Takeshi Kaneshiro', 'Karen Mok', 'Michelle Reis', 'Chan Man-Lei', 'Toru Saito', 'Benz Kong To-Hoi', 'Chan Fai-hung', 'Kwan Lee-na', 'Wu Yuk-Ho']",nan,4.2,https://letterboxd.com//film/fallen-angels/
The Lighthouse,2019,Robert Eggers,"['Robert Pattinson', 'Willem Dafoe', 'Valeriia Karaman', 'Logan Hawkes', 'Kyla Nicolle', 'Shaun Clarke', 'Pierre Richard', 'Preston Hudson', 'Jeff Cruts']",nan,4.05,https://letterboxd.com//film/the-lighthouse-2019/
Apocalypse Now,1979,Francis Ford Coppola,"['Martin Sheen', 'Frederic Forrest', 'Albert Hall', 'Laurence Fishburne', 'Sam Bottoms', 'Marlon Brando', 'Robert Duvall', 'Dennis Hopper', 'G. D. Spradlin', 'Harrison Ford', 'Jerry Ziesmer', 'Scott Glenn', 'James Keane', 'Kerry Rossall', 'Tom Mason', 'Cynthia Wood', 'Colleen Camp', 'Linda Carpenter', 'Aurore Clément', 'Jack Thibeau', 'Glenn Walken', 'Damien Leake', 'Marc Coppola', 'Bill Graham', 'Jerry Ross', 'Charles Robinson', 'Nick Nicholson', 'Don Gordon Bell', 'Evan A. Lottman', 'R. Lee Ermey', 'Jim Gaines', 'Vittorio Storaro', 'Francis Ford Coppola', 'Henry Strzalkowski', 'Lonnie Woodley', 'Herb Rice', 'Joe Estevez', 'Bo Byers', 'Frank Villard']",nan,4.44,https://letterboxd.com//film/apocalypse-now/
La Haine,1995,Mathieu Kassovitz,"['Vincent Cassel', 'Hubert Koundé', 'Saïd Taghmaoui', 'Abdel Ahmed Ghili', 'Souleymane Dicko', 'Joseph Momo', 'Héloïse Rauth', 'Rywka Wajsbrot', 'Olga Abrego', 'Laurent Labasse', 'Choukri Gabteni', 'Nabil Ben Mhamed', 'Benoît Magimel', 'Médard Niang', 'Arash Mansour', 'Abdel-Moulah Boujdouni', 'Mathilde Vitry', 'Christian Moro', 'Édouard Montoute', 'JiBi', 'Félicité Wouassi', 'Fatou Thioune', 'Thang-Long', 'Cut Killer', 'Sabrina Houicha', 'Sandor Weltmann', 'François Levantal', 'Julie Mauduech', 'Karin Viard', 'Peter Kassovitz', 'Christophe Rossignon', 'Vincent Lindon', 'Mathieu Kassovitz', 'Anthony Souter', 'Florent Lavandeira', 'Teddy Marques', 'Samir Khelif', 'Tadek Lokcinski', 'Virginie Montel', 'Andrée Damant', 'Marcel Marondo', 'Karim Belkhadra', 'Marc Duret', 'Eric Pujol', 'Philippe Nahon', 'Sébastien Tavel', 'François Toumarkine', 'José Dalmat', 'Zinedine Soualem', 'Bernie Bonvoisin', 'Cyril Ancelin', 'Patrick Médioni', 'Solo']",nan,4.5,https://letterboxd.com//film/la-haine/
The Handmaiden,2016,Park Chan-wook,"['Kim Min-hee', 'Kim Tae-ri', 'Ha Jung-woo', 'Cho Jin-woong', 'Kim Hae-sook', 'Moon So-ri', 'Lee Yong-nyeo', 'Kwak Eun-jin', 'Lee Dong-hwi', 'Jo Eun-hyung', 'Rina Takagi', 'Han Ha-na', 'Lee Kyu-jung', 'Kim Si-eun', 'Ha Si-yeon', 'Kim Eun-yeong', 'Jeong Ha-dam', 'Kim In-woo', 'Choi Byung-mo', 'Choi Jong-ryul', 'Bae Il-hyuck', 'Oh Man-seok', 'Tomomitsu Adachi', 'Takashi Kakizawa', 'Seon Uk-hyeon', 'Lim Han-bin', 'Shinsuke Fujimoto', 'Won Geun-hui', 'Jung In-gyeom', 'Nam Gyeong-min', 'Lee Ji-ha', 'Katsuhiro Nagano']",nan,4.41,https://letterboxd.com//film/the-handmaiden/
Hereditary,2018,Ari Aster,"['Toni Collette', 'Alex Wolff', 'Milly Shapiro', 'Gabriel Byrne', 'Ann Dowd', 'Mallory Bechtel', 'Brock McKinney', 'Jake Brown', 'Morgan Lund', 'Christy Summerhays', 'Bus Riley', 'Jarrod Phillips', 'Heidi Mendez', 'Zachary Arthur', 'David Stanley', 'Moises L. Tovar', 'Austin R. Grant', 'Gabriel Monroe Eckert', 'Harrison Nell', 'BriAnn Rachele', 'Ari Aster', 'Kathleen Chalfant', 'Marilyn Miller', 'Mark Blockovich', 'Rachelle Hardy', 'Jason Miyagi', 'Lorenzo Silva', 'Alexis Long']",nan,3.98,https://letterboxd.com//film/hereditary/
Gone Girl,2014,David Fincher,"['Ben Affleck', 'Rosamund Pike', 'Carrie Coon', 'Kim Dickens', 'Neil Patrick Harris', 'Tyler Perry', 'Patrick Fugit', 'Lisa Banes', 'David Clennon', 'Boyd Holbrook', 'Lola Kirke', 'Casey Wilson', 'Missi Pyle', 'Emily Ratajkowski', 'Scoot McNairy', 'Sela Ward', 'Lee Norris', 'Jamie McShane', 'Leonard Kelly-Young', 'Kathleen Rose Perkins', 'Pete Housman', 'Lynn Adrianna', 'Cyd Strittmatter', 'Ricky Wood', 'Donna Rusch', 'Mark Atteberry', 'Darin Cooper', 'Kate Campbell', 'Brett Leigh', 'Antonio St. James', 'Lauren Glazier', ""Julia Prud'homme"", 'Cooper Thornton', 'Casey Ruggieri', 'Ashley Didion', 'Lexis Nutt', 'L.A. Williams', 'Blake Sheldon', 'Sean Guse', 'Fred Cross', 'Scott Takeda', 'Mark T Anderson', 'Kathy Sweeney-Meadows', 'Marc Abbink', 'Christina Alex', 'Samuel Baca', 'Bill Blair', 'Thomas R. Baker', 'Gregoer Boru', 'Will C.', 'Caroline Clements', 'Nancy DeMars', 'Davina Joy', 'Michael James Kelly', 'Elester Latham', 'Aaron Massey', 'Orion McCabe', 'Roz McHenry', 'Bryan McKinley', 'Teebone Mitchell', 'Justin Nesbitt', 'Mark Parrish', 'Jaclyn Rose', 'Sahlima', 'Joel Shock', 'Robert Tarpinian', 'Tracy Weisert', 'Michelle Winters', 'Tracy Brotherton', 'Matilde Matteucci', 'Dale Shane', 'Jamie Eddy', 'Joey Courteau']",nan,4.06,https://letterboxd.com//film/gone-girl/
The Thing,1982,John Carpenter,"['Kurt Russell', 'Keith David', 'Wilford Brimley', 'T.K. Carter', 'David Clennon', 'Richard Dysart', 'Charles Hallahan', 'Peter Maloney', 'Richard Masur', 'Donald Moffat', 'Joel Polis', 'Thomas G. Waites', 'Norbert Weisser', 'Larry J. Franco', 'Nate Irwin', 'William Zeman', 'Adrienne Barbeau', 'John Carpenter', 'Jed']",nan,4.35,https://letterboxd.com//film/the-thing/
Aftersun,2022,Charlotte Wells,"['Paul Mescal', 'Frankie Corio', 'Celia Rowlson-Hall', 'Sally Messham', 'Ayşe Parlak', 'Sophia Lamanova', 'Brooklyn Toulson', 'Spike Fearn', 'Harry Perdios', 'Frank Corio', 'Ruby Thompson', 'Ethan James Smith', 'Onur Ekşioğlu', 'Cafer Karahan', 'Kayleigh Coleman', 'John Stuifzand', 'Tyler Mutlu', 'Kieran Burton', 'Nijat Gachayev', 'Sarah Makharine', 'Erol Cengizalp', 'Djamel Turner']",nan,4.24,https://letterboxd.com//film/aftersun/
Taxi Driver,1976,Martin Scorsese,"['Robert De Niro', 'Jodie Foster', 'Cybill Shepherd', 'Harvey Keitel', 'Peter Boyle', 'Leonard Harris', 'Albert Brooks', 'Diahnne Abbott', 'Frank Adu', 'Victor Argo', 'Gino Ardito', 'Garth Avery', 'Harry Cohn', 'Cooper Cunningham', 'Brenda Dickson', 'Harry Fischler', 'Nat Grant', 'Richard Higgs', 'Beau Kayser', 'Victor Magnotta', 'Bob Maroff', 'Norman Matlock', 'Bill Minkin', 'Murray Moston', 'Harry Northup', 'Gene Palma', 'Harlan Cary Poe', 'Steven Prince', 'Peter Savage', 'Martin Scorsese', 'Nicholas Shields', 'Ralph S. Singleton', 'Joe Spinell', 'Maria Turner', 'Robin Utt', 'Tommy Ardolino', 'Joseph Bergmann', 'Robert P. Cohen', 'William Donovan', 'Jean Elliott', 'Annie Gagen', 'Trent Gough', 'Carson Grant', 'Mary-Pat Green', 'Robert John Keiber', 'James Mapes', 'Debbi Morgan', 'David Nichols', 'Antone Pagán', 'Billie Perkins', 'Michael Phillips', 'Catherine Scorsese', 'Charles Scorsese', 'Frankie Verroca']",nan,4.19,https://letterboxd.com//film/taxi-driver/
Black Swan,2010,Darren Aronofsky,"['Natalie Portman', 'Mila Kunis', 'Vincent Cassel', 'Barbara Hershey', 'Winona Ryder', 'Benjamin Millepied', 'Ksenia Solo', 'Kristina Anapau', 'Janet Montgomery', 'Sebastian Stan', 'Toby Hemingway', 'Sergio Torrado', 'Mark Margolis', 'Tina Sloan', 'Abraham Aronofsky', 'Charlotte Aronofsky', 'Marcia Jean Kurtz', ""Shaun O'Hagan"", 'Chris Gartin', 'Deborah Offner', 'Stanley B. Herman', 'Michelle Rodriguez Nouel', 'Kurt Froman', 'Marty Krzywonos', 'Leslie Lyles', 'John Epperson', 'Arkadiy Figlin', 'Tim Fain', 'Sarah Lane', 'Liam Flaherty', 'Patrick Heusinger', 'Marina Stavitskaya', 'Olga Kostritzky', 'Christine Redpath', 'Alexandra Damiani', 'Rebecca Azenberg', 'Laura Bowman', 'Holly L. Fusco', 'Abigail Mentzer', 'Barette Vance', 'Lillian di Piazza', 'Megan Dickinson', 'Jessy Hendrickson', 'Geneviève Lebean', 'Rachel Jambois', 'Ryoko Sadoshima', 'Kaia A. Tack', 'Lauren Fadeley', 'Sarah Hay', 'Adrianna de Svastich', 'Jamie Wolf', 'Carrie Lee Riggins', 'Gina Artese', 'Daralina Komar', 'Tim Lacatena', 'Alyson Cambridge', 'Anne Bergstedt Jordanova']",nan,4.13,https://letterboxd.com//film/black-swan/
Scream,1996,Wes Craven,"['David Arquette', 'Neve Campbell', 'Courteney Cox', 'Matthew Lillard', 'Rose McGowan', 'Skeet Ulrich', 'Jamie Kennedy', 'W. Earl Brown', 'Liev Schreiber', 'Joseph Whipp', 'Drew Barrymore', 'Roger Jackson', 'Kevin Patrick Walls', 'David Booth', 'Carla Hatley', 'Lawrence Hecht', 'Lois Saunders', 'Lisa Beach', 'Tony Kilbert', 'C.W. Morgan', 'Frances Lee McCain', 'Troy Bishop', 'Ryan Kennedy', 'Leonora Scelfo', 'Nancy Anne Ridder', 'Lisa Canning', 'Bonnie Wood', 'Aurora Draper', 'Kenny Kwong', 'Justin Sullivan', 'Kurtis Bedford', 'Angela Miller', 'Henry Winkler', 'Linda Blair', 'Andrew Christiansen', 'Wes Craven', 'Matt McDonald', 'Lynn McRee', 'Carter Raff', 'Freddy W. Smith']",nan,4.01,https://letterboxd.com//film/scream/
Little Women,2019,Greta Gerwig,"['Saoirse Ronan', 'Florence Pugh', 'Emma Watson', 'Eliza Scanlen', 'Laura Dern', 'Timothée Chalamet', 'Meryl Streep', 'Tracy Letts', 'Bob Odenkirk', 'James Norton', 'Louis Garrel', 'Jayne Houdyshell', 'Chris Cooper', 'Rafael Silva', 'Mason Alban', 'Emily Edström', 'Maryann Plunkett', 'Hadley Robinson', 'Lonnie Farmer', 'Charlotte Kinder', 'Ana Kayne', 'Edgar Damatian', 'Erin Rose', 'Lizzie Short', 'Dash Barber', 'Edward Fletcher', 'Sasha Frolova', 'David J. Curtis', 'Abby Quinn', 'Harper Pilat', 'Eowyn Young', 'Lucy Austin', 'Bill Mootos', 'Lewis D. Wheeler', 'Jen Nikolaisen', 'Jonathon Acorn', 'Lilly Englert', 'J.M. Davis', 'Tom Kemp', 'Anthony Estrella', 'Adrianne Krstansky', 'Sophia Gialloreto', 'Lily Gavin', 'Finola Weller Baldet', 'Flannery Gregg', 'Tony Tucker', 'Joanne Caidor', 'Rosario Guillen', 'James J. LaBonte', 'Lily Peterson', 'Jared Reinfeldt', 'Amber Rothberg', 'Daniel Shea']",nan,4.12,https://letterboxd.com//film/little-women-2019/
Eternal Sunshine of the Spotless Mind,2004,Michel Gondry,"['Jim Carrey', 'Kate Winslet', 'Kirsten Dunst', 'Mark Ruffalo', 'Elijah Wood', 'Tom Wilkinson', 'Jane Adams', 'David Cross', ""Deirdre O'Connell"", 'Thomas Jay Ryan', 'Ryan Whitney', 'Lola Daehler', 'Debbon Ayer', 'Gerry Robert Byrne', 'Brian Price', 'Josh Flitter', 'Paulie Litt', 'Amir Ali Said', 'Lauren Adler']",nan,4.24,https://letterboxd.com//film/eternal-sunshine-of-the-spotless-mind/
Babylon,2022,Damien Chazelle,"['Brad Pitt', 'Margot Robbie', 'Diego Calva', 'Jean Smart', 'Flea', 'Jovan Adepo', 'J.C. Currais', 'Jimmy Ortega', 'Hansford Prince', 'Telvin Griffin', 'Olivia Wilde', 'Circus-Szalewski', 'Lukas Haas', 'Li Jun Li', 'Kaia Gerber', 'Patrick Fugit', 'Eric Roberts', 'Cici Lau', 'Tyler Seiple', 'Zack Newick', 'Rory Scovel', 'Olivia Hamilton', 'P.J. Byrne', 'Alexandre Chen', 'Bob Clendenin', 'Miraj Grbić', 'Johnny Hoops', 'James Wellington', 'Carlos Nunez', 'Laura Steinel', 'Danny Jolles', 'James Vincent', 'Richard Clarke Larsen', 'Max Minghella', 'Samara Weaving', 'Jeff Garlin', 'Anthony Burkhalter', 'Terry Walters', 'Trisha Simmons', 'Ariel Flores', 'Karolina Szymczak', ""Sean O'Bryan"", 'David Ury', 'Katia Gomez', 'Vanessa Bednar', 'Carson Higgins', 'Armando Cosio', 'Frederick Koehler', 'Spencer Morgan', 'Ric Sarabia', 'Jim Allen Jackson', 'Katherine Waterston', 'Yissendy Trinidad', 'Cyrus Hobbi', 'Anton Hedayat', 'Hayley Huntley', 'John Mariano', 'Christopher Allen', 'Arely Vianet', 'Jeremy Roberts', 'Alex Reznik', 'Chloe Fineman', 'Pat Skipper', 'John Kerry', 'Sarah Ramos', 'Jennifer Grant', 'Julian Lefevre', 'Taylor Nichols', 'Bryan Scott Johnson', 'Kelly Meyer', 'Brenna Power', 'David Abed', 'Kevin Symons', 'Jonathan Thomson', ""Jim O'Brien"", 'Chris Doubek', 'Dorian Martin', 'Todd Giebenhain', 'Mather Zickel', 'Ireland Sexton', 'Andrew Hawtrey', 'Mike Fletcher', 'Jonathan Ohye', 'James Crittenden', 'Pete Ploszek', 'Robert Beitzel', 'Ethan Suplee', 'Walker Hare', 'Douglas Fruchey', 'Taylor Hill', 'Marc Platt', 'Stephen Thomas', 'Sophia Magaña', 'Karen Bethzabe', 'Oscar Balderrama', 'Aurielle Simmons', 'Eamon Hunt', 'Kenajuan Bentley', 'John Macey', 'Marcos A. Ferraez', 'Phoebe Tonkin', 'Troy Metcalf', 'Albert Hammond Jr.', 'Cutty Cuthbert', 'Bregje Heinen', 'Dana Marcolina', 'Tal Seder', 'Robert Morgan', 'Nana Ghana', 'Joe Dallesandro', 'E.E. Bell', 'Sol Landerman', 'Karina Fontes', 'Spike Jonze', 'Freya Parker', 'Tobey Maguire', 'Lewis Tan', 'Manny Liotta', 'Anna Chazelle', 'Mike C. Manning']",nan,3.82,https://letterboxd.com//film/babylon-2022/
La La Land,2016,Damien Chazelle,"['Ryan Gosling', 'Emma Stone', 'John Legend', 'Rosemarie DeWitt', 'J.K. Simmons', 'Amiée Conn', 'Terry Walters', 'Thom Shelton', 'Cinda Adams', 'Callie Hernandez', 'Jessica Rothe', 'Sonoya Mizuno', 'Claudine Claudio', 'Jason Fuchs', 'D.A. Wallach', 'Trevor Lissauer', 'Olivia Hamilton', 'Anna Chazelle', 'Marius de Vries', 'Finn Wittrock', 'Josh Pence', 'Nicole Coulon', 'Damon Gupton', 'Christopher Michael Stevens', 'Keith Harris', 'Kaveh Rastegar', 'Briana Lee', 'David Douglas', 'Miles Anderson', 'Bobo Chang', 'Meagen Fay', 'John Hindman', 'Valarie Rae Miller', 'Nicole Wolf', 'Corrin Evans', 'Kiff VandenHeuvel', 'Tom Everett Scott', 'Hemky Madera', 'Zoë Hall', 'Dempsey Pappion', 'Sandra Rosko', 'Reshma Gajjar', 'Candice Coke', 'Hunter Hamilton', 'Damian Gomez', 'Amanda Balen', 'Dominic Chaiduang', 'Cindera Che', 'Chris Moss', 'Marissa Labog', 'Tiffany Daniels', 'Melinda Sullivan', 'Stephanie Landwehr', 'Britt Stewart', 'Clarice Ordaz', 'Nathan Prevost', 'Scott Hislop', 'Kc Monnie', 'Krystal Ellsworth', 'Sarah Mitchell', 'Khasan Brailsford', 'Morgan Larson', 'Becca Sweitzer', 'Gakenia Muigai', 'Michael Stein', 'Mario Diaz', 'Julie Schmid', 'Lexie Contursi', 'Eartha Robinson', 'Sybil Azur', 'Tara Nicole Hughes', 'Kayla Kalbfleisch', 'Martha Nichols', 'Anthony Marciona', 'Bill Prudich', 'Robert Roldan', 'Ryan Novak', 'Demian Boergadine', 'Gustavo Vargas', 'Robert Haynes', 'Ana Flavia Gavlak', 'Andres Perez-Molina', 'Phillip E. Walker', 'Milica Govich', 'Kaye L. Morris', 'Nilla Elizabeth Watkins', 'Holly Houk', 'Jesse Houk', 'Kristin Slaysman', 'Cameron Brinkman', 'Jordan Ray Fox', 'C.J. Stussi', 'Margaret Newborn', 'Nadia Tumanova', 'Crystal Nichol', 'Kristin Elliott', 'Andrea Lareo', 'Christopher Aber', 'Anna Lunberry', 'Shannon Leann', 'Jenna Curtis', 'Noah James', 'Tommy Cooley', 'Morgan Cohen', 'Jeremy Nathan Tisser', 'Patty Tobin', 'Heather Turman', 'Susie Ganiere', 'Ottavio Taddei', 'April Martucci', 'Trent Kerpsack', 'Lynn Moore', 'Vince Donvito', 'Steffen Dziczek', 'Melvin LaThomas Brimm', 'Kelly Kennedy', 'Clarence Robinson', 'Dapo Torimiro', 'Destinee Handly', 'Tommy Otis', 'Amanda Fields', 'Frederick Keeve', 'Ali Arda Özdeniz', 'Sasha Fine', 'Eren Kayakıran', 'Corey Anderson']",nan,4.02,https://letterboxd.com//film/la-la-land/
Swiss Army Man,2016,"Daniel Scheinert, Daniel Kwan","['Paul Dano', 'Daniel Radcliffe', 'Mary Elizabeth Winstead', 'Antonia Ribero', 'Timothy Eulich', 'Richard Gross', 'Marika Casteel', 'Andy Hull', 'Aaron Marshall', 'Shane Carruth', 'Jessica Harbeck']",nan,3.66,https://letterboxd.com//film/swiss-army-man/
Weird: The Al Yankovic Story,2022,Eric Appel,"['Daniel Radcliffe', 'Evan Rachel Wood', 'Rainn Wilson', 'Toby Huss', 'Jack Lancaster', 'Spencer Treat Clark', ""Tommy O'Brien"", 'Arturo Castro', 'Julianne Nicholson', 'Diedrich Bader', 'Lin-Manuel Miranda', 'Richard Aaron Anderson', 'Thomas Lennon', 'David Bloom', 'Keanush Tafreshi', 'Andrew Steven Hernandez', 'Paloma Esparza Rabinov', 'Scott Aukerman', 'Johnny Pemberton', 'Jonah Ray Rodrigues', 'Jeremy Bolm', 'Eric Appel', ""'Weird Al' Yankovic"", 'Will Forte', 'Patton Oswalt', 'Michael McKean', 'Dot-Marie Jones', 'Dean Sharpe', 'Jorma Taccone', 'Demetri Martin', 'Paul F. Tompkins', 'Akiva Schaffer', ""Conan O'Brien"", 'Emo Philips', 'Nina West', 'Jack Black', 'David Dastmalchian', 'Anthony Nanakornpanom', 'Quinta Brunson', 'Julie Chang', 'Josh Groban', 'Seth Green', 'Constantine Rousouli', 'James Brown III', 'Rocky Abou-Sakher', 'Chris Ryan', 'Mike Escamilla', 'Chad Guerrero', 'Cesar Ramirez', 'Omar Estrada', 'Cesar Chavira', 'Jimmy Walker Jr.', 'Trenyce', 'James Preston Rogers', 'William Guirola', 'Jacob Lawrence Kreiss', 'Paul Riley Fox', 'Gordon Tarpley', 'Lisa Margaroli', ""Erin O'Shea""]",nan,3.51,https://letterboxd.com//film/weird-the-al-yankovic-story-2022/
Sólo con tu pareja,1991,Alfonso Cuarón,"['Daniel Giménez Cacho', 'Claudia Ramírez', 'Luis de Icaza', 'Astrid Hadad', 'Dobrina Liubomirova', 'Isabel Benet', 'Luz María Jerez', 'Monserrat Ontiveros', 'Regina Orozco', 'Rodolfo Arias', 'Víctor Carpinteiro', 'Claudette Maillé', 'Ariel López Padilla', 'Mónica Dionne', 'Manuel Sevilla', 'Arturo Ríos']",nan,3.41,https://letterboxd.com//film/solo-con-tu-pareja/
"Paris, Je T'Aime",2006,"Isabel Coixet, Christopher Doyle","['Steve Buscemi', 'Natalie Portman', 'Willem Dafoe', 'Maggie Gyllenhaal', 'Axel Kiener', 'Julie Bataille', 'Bruno Podalydès', 'Florence Muller', 'Fanny Ardant', 'Leïla Bekhti', 'Juliette Binoche', 'Seydou Boro', 'Javier Cámara', 'Sergio Castellitto', 'Martin Combes', 'Cyril Descours', 'Lionel Dray', 'Marianne Faithfull', 'Ben Gazzara', 'Hippolyte Girardot', 'Bob Hoskins', 'Olga Kurylenko', 'Sara Martins', 'Elias McConnell', 'Yolande Moreau', 'Catalina Sandino Moreno', 'Emily Mortimer', 'Nick Nolte', 'Paul Putner', 'Joana Preiss', 'Gena Rowlands', 'Miranda Richardson', 'Ludivine Sagnier', 'Barbet Schroeder', 'Rufus Sewell', 'Gaspard Ulliel', 'Leonor Watling', 'Elijah Wood', 'Li Xin', 'Margo Martindale', 'Aïssa Maïga', 'Thomas Dumerchez', 'Hervé Pierre', 'Emilie Ohana', 'Wes Craven', 'Alexander Payne', 'Julien Béramis', 'Gérard Depardieu', 'Christian Bramsen']",nan,3.43,https://letterboxd.com//film/paris-je-taime/
Neruda,2016,Pablo Larraín,"['Gael García Bernal', 'Luis Gnecco', 'Mercedes Morán', 'Emilio Gutiérrez Caba', 'Diego Muñoz', 'Alejandro Goic', 'Pablo Derqui', 'Marcelo Alonso', 'Michael Silva', 'Francisco Reyes', 'Jaime Vadell', 'Néstor Cantillana', 'Alfredo Castro', 'Marcial Tagle', 'Amparo Noguera', 'Cristián Campos', 'Víctor Montero', 'Héctor Noguera', 'Luis Vitalino Grandón', 'Roberto Farías', 'Julio Jung', 'Julio Milostich', 'Paola Lattus', 'José Soza', 'Ariel Mateluna', 'Cristián Chaparro', 'Pablo Schwarz', 'Luis Dubó', 'Ximena Rivas', 'Felipe Ríos', 'Claudia Vicuña', 'Francisca Imboden', 'Trinidad González', 'Juan Ossa', 'Álvaro Espinoza', 'Mario Soto', 'Daniel Antivilo', 'Roberto Cayuqueo', 'Jorge Yáñez', 'Claudio Arredondo', 'Nicolás Torres', 'Heidrun Breier', 'Nicolás Botinelli', 'Elsa Poblete', 'Víctor Hugo Ogaz', 'Hernán Lacalle', 'Claudia Cabezas', 'Josefina Dagorret', 'Daniel de la Vega', 'Senén Selim']",nan,3.5,https://letterboxd.com//film/neruda-2016/
The Motorcycle Diaries,2004,Walter Salles,"['Gael García Bernal', 'Rodrigo de la Serna', 'Mercedes Morán', 'Mía Maestro', 'Jean Pierre Noher', 'Lucas Oro', 'Marina Glezer', 'Sofia Bertolotto', 'Franco Solazzi', 'Ricardo Díaz Mourelle', 'Gustavo Bueno', 'Antonella Costa', 'Natalia Lobo', 'Erto Pantoja', 'Cristián Chaparro', 'Cristian Arancibia', 'Gabriela Aguilera', 'Constanza B. Majluf', 'Víctor Hugo Ogaz', 'Fernando Farías', 'Pablo Macaya', 'Vilma Verdejo', 'Jaime Azócar']",nan,3.84,https://letterboxd.com//film/the-motorcycle-diaries/
Bad Education,2004,Pedro Almodóvar,"['Gael García Bernal', 'Fele Martínez', 'Daniel Giménez Cacho', 'Lluís Homar', 'Francisco Maestre', 'Francisco Boira', 'Juan Fernández', 'Nacho Pérez', 'Raúl García Forneiro', 'Javier Cámara', 'Alberto Ferreiro', 'Petra Martínez', 'Sandra', 'Roberto Hoyas', 'Agustín Almodóvar', 'Robert Forcadell', 'Luis Lobos Negros', 'Pol Monen', 'Sara Montiel', 'Pau Poch', 'Leonor Watling', 'José María Yázpik']",nan,3.9,https://letterboxd.com//film/bad-education/
Volver,2006,Pedro Almodóvar,"['Penélope Cruz', 'Carmen Maura', 'Lola Dueñas', 'Blanca Portillo', 'Yohana Cobo', 'Chus Lampreave', 'Antonio de la Torre', 'Carlos Blanco Vila', 'María Isabel Díaz Lago', 'Neus Sanz', 'Leandro Rivera', 'Pepa Aniorte', 'Yolanda Ramos', 'Elvira Cuadrupani', 'María Alfonsa Rosso', 'Fanny de Castro', 'Eli Iranzo', 'Carlos García Cambero', 'Magdalena Brotto', 'Isabel Ayúcar', 'Concha Galán', 'Mari Franç Torres', 'Natalia Roig', 'Agustín Almodóvar', 'Mila Espiga', 'Luis Lattanzi', 'Valeria Vereau']",nan,4.02,https://letterboxd.com//film/volver/
Pain and Glory,2019,Pedro Almodóvar,"['Antonio Banderas', 'Asier Etxeandia', 'Leonardo Sbaraglia', 'Nora Navas', 'Julieta Serrano', 'Penélope Cruz', 'César Vicente', 'Asier Flores', 'Cecilia Roth', 'Susi Sánchez', 'Raúl Arévalo', 'Pedro Casablanc', 'Julián López', 'Eva Martín', 'Sara Sierra', 'Constancia Céspedes', 'Rosalía', 'Marisol Muriel', 'Paqui Horcajo', 'Alba Gómez', 'Xavi Sáez', 'Aline Casagrande', 'Luis Calero', 'Virgil-Henry Mathet', 'Chimezie Eke', 'Esperanza Guardado', 'Agustín Almodóvar', 'Miguel Rivera', 'Eneko Galende', 'Fernando Iglesias', 'Esther García']",nan,4.05,https://letterboxd.com//film/pain-and-glory/
The Skin I Live In,2011,Pedro Almodóvar,"['Antonio Banderas', 'Elena Anaya', 'Marisa Paredes', 'Jan Cornet', 'Roberto Álamo', 'Eduard Fernández', 'José Luis Gómez', 'Blanca Suárez', 'Susi Sánchez', 'Bárbara Lennie', 'Fernando Cayo', 'Chema Ruiz', 'Buika', 'Ana Mena', 'Teresa Manresa', 'Fernando Iglesias', 'Agustín Almodóvar', 'Miguel Almodóvar', 'Marta R. Mahou', 'Gabriel Barbosa', 'Esther García', 'Yolanda Brown']",nan,3.87,https://letterboxd.com//film/the-skin-i-live-in/
Vicky Cristina Barcelona,2008,Woody Allen,"['Scarlett Johansson', 'Rebecca Hall', 'Javier Bardem', 'Penélope Cruz', 'Christopher Evan Welch', 'Chris Messina', 'Patricia Clarkson', 'Kevin Dunn', 'Julio Perillán', 'Juan Queseda', 'Ricard Salom', 'Maurice Sonnenberg', 'Manel Barceló', 'Josep Maria Domènech', 'Emilio de Benito', 'Jaume Montané', 'Lloll Bertran', 'Joel Joan', 'Silvia Sabaté', 'Pablo Schreiber', 'Carrie Preston', 'Zak Orth', 'Abel Folk']",nan,3.43,https://letterboxd.com//film/vicky-cristina-barcelona/
Dune: Part Two,2023,Denis Villeneuve,"['Timothée Chalamet', 'Zendaya', 'Rebecca Ferguson', 'Josh Brolin', 'Austin Butler', 'Florence Pugh', 'Dave Bautista', 'Christopher Walken', 'Stephen McKinley Henderson', 'Léa Seydoux', 'Stellan Skarsgård', 'Charlotte Rampling', 'Javier Bardem', 'Tim Blake Nelson', 'Molly Mcowan', 'Rex Adams', 'Ana Cilas', 'Rand Faris', 'Laura Mizere', 'Cecile Sinclair', 'Tracy Coogan', 'Anton Saunders', 'Tony Cook', 'Alan Mehdizadeh', 'Souheila Yacoub', 'Sebastian Faure', 'Imola Gáspár', 'Tara Breathnach', 'Fouad Humaidan', 'Hassan Najib', 'Omar Elbooz', 'Tim Hilborne', 'Italo Amerighi']",nan,nan,https://letterboxd.com//film/dune-part-two/
Miller's Crossing,1990,Joel Coen,"['Gabriel Byrne', 'Albert Finney', 'Jon Polito', 'Marcia Gay Harden', 'John Turturro', 'J.E. Freeman', 'Steve Buscemi', 'Mike Starr', 'Al Mancini', 'Richard Woods', 'Tom Toner', 'Mario Todisco', 'Olek Krupa', 'Michael Jeter', 'Lanny Flaherty', 'Jeanette Kontomitras', 'Louis Charles Mounicou III', 'John McConnell', 'Danny Aiello III', 'Helen Jolly', 'Hilda McLean', 'Monte Starr', 'Don Picard', 'Salvatore H. Tornabene', 'Kevin Dearie', 'Michael Badalucco', 'Charles Ferrara', 'Esteban Fernández', 'George Fernandez', 'Charles Gunning', 'Dave Drinkx', 'David Darlow', 'Robert LaBrosse', 'Carl Rooney', 'Jack Harris', 'Jery Hewitt', 'Sam Raimi', 'John Schnauder Jr.', 'Zolly Levin', 'Joey Ancona', 'Bill Raye', 'William Preston Robertson', 'MIchael P. Cahill', 'Frances McDormand']",nan,3.98,https://letterboxd.com//film/millers-crossing/
A Serious Man,2009,"Joel Coen, Ethan Coen","['Michael Stuhlbarg', 'Richard Kind', 'Fred Melamed', 'Sari Lennick', 'Aaron Wolff', 'Jessica McManus', 'Adam Arkin', 'George Wyner', 'Peter Breitmayer', 'Brent Braunschweig', 'David Kang', 'Jon Kaminski Jr.', 'Ari Hoptman', 'Alan Mandell', 'Amy Landecker', 'Simon Helberg', 'Katherine Borowitz', 'Michael Lerner', 'Benjamin Portnoe', 'Fyvush Finkel', 'Stephen Park', 'Jane Hammill', 'Claudia Wilkens', 'Yelena Shmulenson', 'Allen Lewis Rickman', 'Raye Birk', 'Landyn Banx', 'Punnavith Koy', 'Joel Thingvall', 'Amanda Day']",nan,3.89,https://letterboxd.com//film/a-serious-man/
"Hail, Caesar!",2016,"Joel Coen, Ethan Coen","['Josh Brolin', 'George Clooney', 'Alden Ehrenreich', 'Ralph Fiennes', 'Scarlett Johansson', 'Tilda Swinton', 'Channing Tatum', 'Frances McDormand', 'Jonah Hill', 'Veronica Osorio', 'Heather Goldenhersh', 'Alison Pill', 'Max Baker', 'Fisher Stevens', 'Patrick Fischler', 'Tom Musgrave', 'David Krumholtz', 'Greg Baldwin', 'Patrick Carroll', 'Fred Melamed', 'John Bluthal', 'Alex Karpovsky', 'Armazd Stepanian', 'Allan Havey', 'Robert Pike Daniel', 'Robert Picardo', 'Ian Blackman', 'Geoffrey Cantor', 'Christopher Lambert', 'Robert Trebor', 'Michael Yama', 'Ming Zhao', 'Helen Siff', 'Basil Hoffman', 'Luke Spencer Roberts', 'Ralph P. Martin', 'James Austin Johnson', 'Noah Baron', 'Timm Perry', 'Noel Conlon', 'Natasha Bassett', 'Richard Abraham', 'Jon Daly', 'Dennis Cockrum', 'Clancy Brown', 'Mather Zickel', 'Tiffany Lonsdale', 'Clement von Franckenstein', 'Wayne Knight', 'Jeff Lewis', 'Kyle Bornheimer', 'Josh Cooke', 'Peter Jason', 'Stephen Ellis', 'Jillian Armenante', 'Jacob Witkin', 'Jack Huston', 'Agyness Deyn', 'Emily Beecham', 'Benjamin Beatty', 'J.R. Horne', 'Caitlin Muelder', 'E.E. Bell', 'Kate Morgan Chadwick', 'Brian Michael Jones', 'Peter Banifaz', 'Clifton Samuels', 'K.C. Reischerl', 'Jeremy Davis', 'Marcos Ochoa', 'Colin Bradbury', 'Ryan Breslin', 'Tyler Hanes', 'Casey Garvin', 'Luke Hawkins', 'Evan Kasprzak', 'Patrick Lavallee', 'Adam Perry', 'Ryan VanDenBoom', 'Alex Demkin', 'Dax Hock', 'Shesha Marvin', 'Mark Stuart', 'Forrest Walsh', 'Michael Gambon', 'Tomoko Karina', 'Dolph Lundgren', 'Dean England', 'Sandy Mansson', 'Jessee Foudray', 'Ryan Izay', 'Johnny Otto', 'Sergio Kato']",nan,3.25,https://letterboxd.com//film/hail-caesar-2016/
Raising Arizona,1987,Joel Coen,"['Nicolas Cage', 'Holly Hunter', 'Trey Wilson', 'John Goodman', 'William Forsythe', 'Sam McMurray', 'Frances McDormand', ""Randall 'Tex' Cobb"", 'T.J. Kuhn', 'Lynne Kitei', 'Peter Benedek', ""Charles 'Lew' Smith"", 'Warren Keith', 'Henry Kendrick', 'Sidney Dawson', 'Richard Blake', 'Troy Nabors', 'Mary Seibel', ""John O'Donnal"", 'Keith Jandacek', 'Warren Forsythe', 'Ruben Young', 'Dennis Sullivan', 'Richard Alexander', 'Rusty Lee', 'James Yeater', 'Bill Andres', 'Carver Barns', 'Margaret H. McCormack', 'Bill Rocz', 'Mary F. Glenn', 'Jeremy Babendure', 'Bill Dobbins', 'Ralph Norton', 'Henry Tank', 'Frank Outlaw', 'Todd Michael Bodgers', 'M. Emmet Walsh', 'Robert Gray', 'Katie Thrasher', 'Derek Russell', 'Nicole Russell', 'Zachary Sanders', 'Noell Sanders', 'Cody Ranger', 'Jeremy Arendt', 'Ashley Hammon', 'Crystal Hiller', 'Olivia Hughes', 'Emily Malin', 'Melanie Malin', 'Craig McLaughlin', 'Adam Savageau', 'Benjamin Savageau', 'David Schneider', 'Michael Stewart', 'William Preston Robertson', 'Ron Cobert']",nan,3.85,https://letterboxd.com//film/raising-arizona/
Blood Simple,1984,Joel Coen,"['John Getz', 'Frances McDormand', 'Dan Hedaya', 'Samm-Art Williams', 'M. Emmet Walsh', 'Deborah Neumann', 'Raquel Gavia', 'Van Brooks', 'Señor Marco', 'William Creamer', 'Loren Bivens', 'Bob McAdams', 'Shannon Sedwick', 'Nancy Finger', 'William Preston Robertson', 'Holly Hunter', 'Barry Sonnenfeld']",nan,3.91,https://letterboxd.com//film/blood-simple/
Barton Fink,1991,Joel Coen,"['John Turturro', 'John Goodman', 'Judy Davis', 'Michael Lerner', 'Tony Shalhoub', 'John Mahoney', 'Jon Polito', 'Steve Buscemi', 'David Warrilow', 'Richard Portnow', 'Christopher Murney', 'I.M. Hobson', 'Meagen Fay', 'Lance Davis', 'Harry Bugin', 'Anthony Gordon', 'Jack Denbo', 'Max Grodénchik', 'Robert Beecher', 'Darwyn Swalve', 'Gayle Vance', 'Johnny Judkins', 'Jana Marie Hupp', 'Isabelle Townsend', 'William Preston Robertson', 'Mamie Jean Calvert', 'Frances McDormand', 'Bubba Dean Rambo', 'Barry Sonnenfeld', 'Vincent Tumeo', 'Rob Wegner', 'Linda Wood', 'William H. Macy']",nan,4.06,https://letterboxd.com//film/barton-fink/
"O Brother, Where Art Thou?",2000,Joel Coen,"['George Clooney', 'John Turturro', 'Tim Blake Nelson', 'Charles Durning', 'John Goodman', 'Michael Badalucco', 'Holly Hunter', 'Stephen Root', 'Chris Thomas King', 'Wayne Duvall', 'Daniel von Bargen', 'J.R. Horne', 'Brian Reddy', 'Frank Collison', 'Musetta Vander', 'Ray McKinnon', 'Del Pentecost', 'Mia Tate', 'Christy Taylor', 'Lee Weaver', 'Ed Gale', 'Millford Fortenberry', 'Quinn Gasaway', 'Royce D. Applegate']",nan,3.93,https://letterboxd.com//film/o-brother-where-art-thou/
The Tragedy of Macbeth,2021,Joel Coen,"['Denzel Washington', 'Frances McDormand', 'Corey Hawkins', 'Alex Hassell', 'Kathryn Hunter', 'Bertie Carvel', 'Brendan Gleeson', 'Harry Melling', 'Miles Anderson', 'Matt Helm', 'Moses Ingram', 'Scott Subiono', 'Brian Thompson', 'Lucas Barker', 'Stephen Root', 'Robert Gilbert', 'Ethan Hutchison', 'James Udom', 'Richard Short', 'Sean Patrick Thomas', 'Ralph Ineson', 'Jefferson Mays', 'Olivia Washington', 'Susan James Berger', 'Wayne T. Carr', 'Jacob McCarthy', 'Nancy Daly', 'Kayden Alexander Koshelev', 'Ledger Fuller', 'T.K. Weaver', 'Edward Headington', 'Tim Oakes', 'Peter Janov', 'Max Baker', 'Madison Randolph', 'Phil DiGennaro']",nan,3.77,https://letterboxd.com//film/the-tragedy-of-macbeth/
The Nice Guys,2016,Shane Black,"['Russell Crowe', 'Ryan Gosling', 'Angourie Rice', 'Margaret Qualley', 'Kim Basinger', 'Yaya DaCosta', 'Matt Bomer', 'Keith David', 'Beau Knapp', 'Lois Smith', 'Jack Kilmer', 'Murielle Telio', 'Gil Gerard', 'Daisy Tahan', 'Lance Valentine Butler', 'Ty Simpkins', 'Hannibal Buress', 'Yvonne Zima', 'Gary Weeks', 'Lexi Johnson', 'Matthew Warzel', 'Chloe Hurst', 'Steve Wilder', 'Karrueche Tran', 'Dominic Bagarozzi', 'Joanne Spracklen', 'Cayla Brady', 'Tammi Arender', 'Rebecca Dalton Rusk', 'Terence Rosemore', 'Greg Lindsay', 'Joshua Hoover', 'Maddie Compton', 'Garrett Carpenter', 'Sala Baker', 'Carson Meyer', 'Michael Beasley', 'Gary Wolf', 'Hank Quillen', 'Charles Green', 'Michelle Rivera Huckaby', 'Milo Wesley', 'Rachele Brooke Smith', 'Adriana Karras', 'Meredith Berg', 'Lauren Marini', 'Ward Roberts', 'Ryan Powers', 'Lauren Bair', 'Zarah Kulczycki', 'Hana Yuka Sano', 'Jordan Hairston', 'Angela Everhart', 'Kimberly Battista', 'Courtlyn Cannan', 'Mark Kubr', 'Dana Clark McPherson', 'Robert Downey Jr.', 'Elayne Boosler', 'Emily Brobst']",nan,3.82,https://letterboxd.com//film/the-nice-guys/
The Perks of Being a Wallflower,2012,Stephen Chbosky,"['Logan Lerman', 'Emma Watson', 'Ezra Miller', 'Mae Whitman', 'Kate Walsh', 'Dylan McDermott', 'Melanie Lynskey', 'Nina Dobrev', 'Johnny Simmons', 'Joan Cusack', 'Paul Rudd', 'Nicholas Braun', 'Reece Thompson', 'Patrick de Ledebur', 'Brian Balzerini', 'Tom Kruszewski', 'Julia Garner', 'Tom Savini', 'Emily Marie Callaway', 'Chelsea Zhang', 'Jesse Scheirer', 'Justine Nicole Schaefer', 'Julie Marie Schaefer', 'Leo Miles Farmerie', 'Isabel Muschweck', 'Adam Hagenbuch', 'Erin Wilhelmi', 'Jordan Paley', 'Zane Holtz', 'Timothy Breslin', 'Mark McClain Wilson', 'Atticus Cain', 'Stacy Chbosky', 'Dihlon McManne', 'Laurie Klatscher', 'Landon Pigg', 'Jennifer Enskat', 'William L. Thomas', 'Morgan Wolk', 'Joe Fishel', 'Jeffrey Jones']",nan,3.89,https://letterboxd.com//film/the-perks-of-being-a-wallflower/
The Shining,1980,Stanley Kubrick,"['Jack Nicholson', 'Shelley Duvall', 'Scatman Crothers', 'Danny Lloyd', 'Philip Stone', 'Joe Turkel', 'Barry Nelson', 'Barry Dennen', 'Tony Burton', 'Lia Beldam', 'Billie Gibson', 'David Baxt', 'Manning Redwood', 'Lisa Burns', 'Louise Burns', 'Robin Pappas', 'Anne Jackson', 'Alison Coleridge', 'Burnell Tucker', 'Jana Shelden', 'Paul Desbois', 'Vivian Kubrick', 'Derek Lyons', 'Alan Harris', 'Peter McNamara', 'Guy Standeven', 'Reg Thomason']",nan,4.25,https://letterboxd.com//film/the-shining/
Asteroid City,2023,Wes Anderson,"['Jason Schwartzman', 'Scarlett Johansson', 'Tom Hanks', 'Jeffrey Wright', 'Tilda Swinton', 'Bryan Cranston', 'Edward Norton', 'Adrien Brody', 'Liev Schreiber', 'Hope Davis', 'Stephen Park', 'Rupert Friend', 'Maya Hawke', 'Steve Carell', 'Matt Dillon', 'Willem Dafoe', 'Tony Revolori', 'Jake Ryan', 'Grace Edwards', 'Aristou Meehan', 'Sophia Lillis', 'Ethan Josh Lee', 'Ella Faris', 'Gracie Faris', 'Willan Faris', 'Deanna Dunagan', 'Vandi Clark', 'Pedro Placer', 'Iván López', 'Aaron Ziobrowski', 'Celia Bermejo', 'Zoe Bernard', 'Brayden Frasure', 'Preston Mota', 'Kyleigh Fuller', 'Henry Rhoades', 'Jack Eyman', 'Willa Skye', 'Annalise Mackulin', 'Calhoun Metcalf', 'Seu Jorge', 'Jarvis Cocker', 'Pere Mallén', ""Jean-Yves Lozac'h"", 'Damien Bonnard', 'Ramón Ródenas', 'Wendy Nottingham', 'Bob Balaban', 'Fisher Stevens', 'Mike Maggart', 'Elvira Arce', 'Nicolas Avinée', 'Mohamed Belhadjine', 'Katy Heffernan-Smith', 'Jeff Goldblum', 'Hong Chau', 'Paul Kynman', 'Sam Marra', 'Rita Wilson', 'Ara Hollyday', 'Kenneth Bate', 'Christian Bate', 'Margot Robbie', 'Sandy Hamilton', 'Roberto Moreno de Matias', 'Francisco Serrano', 'Francisco Javier Gomez', 'Jacinto Domingo Torija', 'Alvaro Olivas Marques', 'Dominique Fouassier', 'Pablo Amoros', 'Yann Tremblay', 'Sébastien Fouassier', 'Carlos Arimón', 'Antonio Graziano', 'Nuria Gigorro', 'Raquel Jiménez Martinez', 'Jorge Francisco Mena Garcia', 'Ana Isabel Comendador Martínez', 'Carlos Saez', 'Karine Niederman', 'Jesús Olivas Santos', 'Jose Luis Figueroa', 'Pascale Coppola', 'Matilda Clarke', 'Milagros Ahijon', 'Paula Domingo', 'Crístian García Jiménez', 'Junior Harris', 'Robert Tattam', 'Eusebio Mateo Diaz', 'Stéphane Bak', 'Tom Hudson', 'Rodolphe Pauly', 'Aimee Mullins', 'Valérie Sadoun', 'Erica Dorn', 'Julia Kruger', 'Anisse Elias', 'Rebecca Cornford', 'Avery Looser', 'Guy Trevellyan', 'Truman Hanks', 'Honor Northridge', 'Eliel Ford', 'Caris Yeoman', 'Yann Pozzoli', 'Sonia Gascón', 'Mariam Huélamo', 'Timothy Cordukes', 'Carmen Méndez', 'Ainhoa Aldanondo', 'Marta Rubio', 'Marcos Pereiro', 'Susana Hornos', 'Alicia San Lorenzo', 'Palmira Ferrer', 'Jose Antonio Turiégano Carrasco', 'Pilar Ramírez Escalona', 'Virginia Romano Álvarez', 'Milagros Reyeros Ruiz', 'Jonatan Buitrago Díaz', 'Ricardo Mohedas Tiñana', 'Carlos Arroyo', 'Ismael González Carrasco', 'Celedonio Guijarro Cano', 'Juan Abad Molina', 'Patricia Colin', 'Elena Uriz', 'Jose Segovia Ortiz', 'Enrique Ruiz Granado', 'Juan Carlos Iglesias Gómez', 'Oscar Minguez Garcia-Patron', 'Guillermo García', 'David Navarro Romero', 'Javier Gigorro de las Peñas', 'Alejandro García Aparicio', 'Diego Maldonado Davila', 'David Rodríguez Moreno', 'Mario Perez Lomas', 'Alejandro Urbina Escalona', 'David Verdejo Escribano', 'Adrián Corpa Fernández', 'Jesús Jiménez Caler', 'Francisco Corrales Rubio', 'Sergio Martinez Martinez', 'Félix Israel Pinilla de la Guia', 'Jay Lau', 'Mario Turiégano Delgado', 'Pedro Padilla Perez', 'Randall Poster', 'Matthew Frasure', 'Chris Faris', 'Erika Godwin', 'Sara Greisberg', 'Manuela Martinez Zafra']",nan,3.62,https://letterboxd.com//film/asteroid-city/
Barbie,2023,Greta Gerwig,"['Margot Robbie', 'Ryan Gosling', 'America Ferrera', 'Kate McKinnon', 'Ariana Greenblatt', 'Michael Cera', 'Will Ferrell', 'Issa Rae', 'Alexandra Shipp', 'Emma Mackey', 'Hari Nef', 'Helen Mirren', 'Rhea Perlman', 'Simu Liu', 'Kingsley Ben-Adir', 'Ncuti Gatwa', 'Connor Swindells', 'Emerald Fennell', 'Sharon Rooney', 'Ritu Arya', 'Ana Kayne', 'Nicola Coughlan', 'Dua Lipa', 'John Cena', 'Scott Evans', 'Jamie Demetriou', 'Andrew Leung', 'Will Merrick', 'Zheng Xi Yong', 'Asim Chaudhry', 'Ray Fearon', 'Erica Ford', 'Hannah Khalique-Brown', 'Mette Towley', 'Marisa Abela', 'Lucy Boynton', 'Rob Brydon', 'Tom Stourton', 'Chris Taylor', 'David Mumeni', 'Olivia Brody', 'Isla Ashworth', 'Eire Farrell', 'Daisy Duczmal', 'Genvieve Toussaint', 'Isabella Nightingale', 'Manuela Mora', 'Aida Sexton', 'Millie-Rose Crossley', 'Anvita Nehru', 'Kayla-Mai Alvares', 'Luke Mullen', 'Patrick Luwis', 'Mac Brandt', 'Paul Jurewicz', 'Oraldo Austin', 'Benjamin Arthur', 'Carlos Jacott', 'Adam Ray', 'George Basil', 'Ptolemy Slocum', 'Deb Hiett', 'James Leon', 'Oliver Vaquer', 'Tony Noto', 'Christopher T. Wood', 'Ann Roth', 'Annie Mumolo', 'Elise Gallup', 'McKenna Roberts', 'Brylee Hsu', 'Sasha Milstein', 'Lauren Holt', 'Sterling Jones', 'Ryan Piers Williams', 'Jamaal Lewis', 'Kathryn Akin', 'Grace Jabbari', 'Ira Mandela Siobhan', 'Lisa Spencer', 'Naomi Weijand', 'Tom Clark', 'Ireanne Abenoja', 'Davide Albonetti', 'Charlotte Anderson', 'Michael Anderson', 'Rico Bakker', 'James Bamford', 'William John Banks', 'Callum Bell', 'Adam Blaug', 'Mason Boyce', 'Taylor Bradshaw', 'Alex Brown', 'Miekaile Browne', 'Lewis Calcutt', 'Nikkita Chadha', 'Oliver Chapman', 'Megan Charles', 'Callum Clack', 'Danny Coburn', 'Kat Collings', 'Adam Crossley', 'Sia Dauda', 'Gustave Die', 'Grace Durkin', 'Joelle Dyson', 'Lewis Easter', 'Onyemachi Ejimofor', 'Cameron Everitt', 'Luke Field-Wright', 'Sasha Flesch', 'Adam Fogarty', 'Mikey French', 'Anna-Kay Gayle', 'Charlie Goddard', 'Marlie Goddard', 'Ellis Harman', 'Yasmin Harrison', 'Josh Hawkins', 'James Healy', 'Tim Hodges', 'Mira Jebari', 'Beccy Jones', 'Thomas Kalek', 'Lily Laight', 'Maiya Leeke', 'Cristian Liberti', 'Prodromos Marneros', 'Nahum McLean', 'Jordan Melchor', 'Ramzan Miah', 'Andy Monaghan', 'Florivaldo Mossi', 'Hannah Nazareth', 'Grant Neal', 'Freja Nicole', 'Shaun Niles', 'Ella Nonini', 'Jack William Parry', 'Josie Pocock', 'Barnaby Quarendon', 'Redmand Rance', 'Zara Richards', 'Liam Riddick', 'Alana Rixon', 'Adam Paul Robertson', 'Kingdom Sibanda', 'Sebastian Skov', 'Aaron J. Smith', 'Joshua Smith', 'Lucia-Rose Sokolowski', 'Janine Somcio', 'Callum Sterling', 'Todd Talbot', 'Charles Tatman', 'Grant Thresh', 'Connor Tidman', 'Wahchi Vong', 'Jerry Wan', 'Sasha Wareham', 'Stan West', 'Oliver Wheeler', 'Josh Wild', 'Joe Wolstenholme', 'Richard Womersley', 'Ashley Young', 'Alex Sturman']",nan,4.1,https://letterboxd.com//film/barbie/
Spider-Man: Across the Spider-Verse,2023,"Joaquim Dos Santos, Justin K. Thompson","['Shameik Moore', 'Hailee Steinfeld', 'Jason Schwartzman', 'Oscar Isaac', 'Brian Tyree Henry', 'Luna Lauren Velez', 'Jake Johnson', 'Issa Rae', 'Karan Soni', 'Shea Whigham', 'Greta Lee', 'Amandla Stenberg', 'Jharrel Jerome', 'Andy Samberg', 'Jack Quaid', 'Rachel Dratch', 'Ziggy Marley', 'Jorma Taccone', 'Daniel Kaluuya', 'Mahershala Ali', 'J.K. Simmons', 'Donald Glover', 'Elizabeth Perkins', 'Kathryn Hahn', 'Ayo Edebiri', 'Nicole Delaney', 'Antonina Lentini', 'Atsuko Okatsuka', 'Peter Sohn', 'Melissa Sturm', 'Lorraine Velez', 'Nic Novicki', 'Taran Killam', 'Metro Boomin', 'Josh Keaton', 'Sofia Barclay', 'Danielle Perez', 'Yuri Lowenthal', 'Rita Rani Ahuja', 'Ismail Bashey', 'Oscar Camacho', 'Freddy Ferrari', 'Kerry Gutierrez', 'Kamal Khan', 'Angelo Sekou Kouyate', 'Andrew Leviton', 'David Michie', 'Sumit Naig', 'Juan Pacheco', 'Chrystee Pharris', 'Ben Pronsky', 'Al Rodrigo', 'Stan Sellers', 'Warren Sroka', 'Jasper Johannes Andrews', 'Gredel Berrios Calladine', 'Natalia Castellanos', 'Russell Tyre Francis', 'Deepti Gupta', 'Sohm Kapila', 'Pradnya Kuwadekar', 'Ashley London', 'Christopher Miller', 'Andrea Navedo', 'Lakshmi Patel', 'Jacqueline Pinol', 'Eliyas Qureshi', 'Lashana Rodriguez', 'Jaswant Dev Shrestha', 'Libby Thomas Dickey', 'Jason Linere-White', 'Sitara Attaie', 'Mayuri Bhandari', 'June Christopher', 'Michelle Jubilee Gonzalez', 'Marabina Jaimes', 'Rez Kempton', 'Lex Lang', 'Phil Lord', 'Richard Miro', 'Doug Nicholas', ""Shakira Ja'nai Paye"", 'James Pirri', 'Marley Ralph', 'Michelle Ruff', 'Dennis Singletary', 'Amanda Troop', 'Ruth Zalduondo', 'Kimberly Bailey', 'Sanjay Chandani', 'Melanie Duke', 'Jorge R. Gutierrez', 'Miguel Jiron', 'Deepti Kingra-Mickelsen', 'Luisa Leschin', 'Caitlin McKenna', 'Andrew Morgado', 'Arthur Ortiz', 'Eliana A. Perez', 'Juan Pope', 'Mike Rianda', 'Erika Scopelli', 'Narender Sood', 'Cedric L. Williams', 'Kimiko Glenn', 'Peggy Lu', 'Andrew Garfield', 'Denis Leary', 'Tobey Maguire', 'Cliff Robertson', 'Alfred Molina', 'Post Malone', 'Martin Sheen']",nan,4.52,https://letterboxd.com//film/spider-man-across-the-spider-verse/
They Shall Not Grow Old,2018,Peter Jackson,"['Thomas Adlam', 'William Argent', 'John Ashby', 'Attwood', 'Walter Aust', 'Donald Bain', 'Thomas Baker', 'George Banton', 'Walter Becklake', 'Arthur Beeton']",nan,4.08,https://letterboxd.com//film/they-shall-not-grow-old/
The Favourite,2018,Yorgos Lanthimos,"['Olivia Colman', 'Emma Stone', 'Rachel Weisz', 'Nicholas Hoult', 'Joe Alwyn', 'Mark Gatiss', 'James Smith', 'Jenny Rainsford', 'Emma Delves', 'Faye Daveney', 'Paul Swaine', 'Jennifer White', 'Lilly-Rose Stevens', 'Denise Mack', 'Willem Dalby', 'Edward Aczel', 'Carolyn Saint-Pé', 'John Locke', 'Everal Walsh', 'Timothy Innes', 'Basil Eidenbenz', 'James Melville', 'Declan Wyer', 'Anthony Dougall', 'Ben English', 'Peter Brookes', 'Wilson Radjou-Pujalte', 'Gavin Henderson', 'Callum Lewin', 'Liam Fleming', 'Angela Hicks', 'Martin Pemberton', 'Luca Wiseman', 'James Perrin', 'Hana McDowell', 'Sam Kemp', 'Djordje Jovanovic', 'Alexis Bennett', 'Chris elms', 'Tim Ingall', 'Ethan Keaton', 'Keith Milner', 'Alfrun Rose', 'Keval Shah', 'Janette Sharpe', 'Luke Thallon', 'Jack Veal', 'Zenobia Voegele-Downing', 'Emily Vinnicombe', 'Hannah Morley', 'Poppy Lawless', 'Roisin Keogh', 'Elizabeth Ita', 'Errol Clayton', 'Antonia Castilla', 'Samuel Bossman', 'Paul Wingrove', 'Nathan Lang', 'Frank Gordon', 'Isaura Barbé-Brown', 'Phelim Kelly', 'Leigh Dent']",nan,4.05,https://letterboxd.com//film/the-favourite/
Eyes Wide Shut,1999,Stanley Kubrick,"['Tom Cruise', 'Nicole Kidman', 'Sydney Pollack', 'Marie Richardson', 'Rade Šerbedžija', 'Todd Field', 'Vinessa Shaw', 'Alan Cumming', 'Sky du Mont', 'Fay Masterson', 'Leelee Sobieski', 'Thomas Gibson', 'Madison Eginton', 'Jackie Sawiris', 'Leslie Lowe', 'Peter Hans Benson', 'Michael Doven', 'Louise J. Taylor', 'Stewart Thorndike', 'Randall Paul', 'Julienne Davis', 'Lisa Leone', 'Kevin Connealy', 'Mariana Hewett', 'Dan Rollman', 'Gavin Parry', 'Chris Pare', 'Adam Lias', 'Christian Clarke', 'Kyle Whitcombe', 'Gary Goba', 'Florian Windorfer', 'Togo Igawa', 'Eiji Kusuhara', 'Sam Douglas', 'Angus MacInnes', 'Abigail Good', 'Brian W. Cook', 'Leon Vitali', 'Carmela Marner', 'Phil Davies', 'Cindy Dolenc', 'Clark Hayes', 'Treva Etienne', 'Colin Angus', 'Karla Ashley', 'Kate Charman', 'James Demaria', 'Tony De Sergio', 'Janie Dickens', 'Laura Fallace', 'Vanessa Fenton', 'Georgina Finch', 'Peter Godwin', 'Joanna Heath', 'Lee Henshaw', 'Ateeka Poole', 'Adam Pudney', 'Sharon Quinn', 'Ben De Saumserez', 'Emma Lou Sharratt', 'Paul Spelling', 'Matthew Thompson', 'Dan Travers', 'Russell Trigg', 'Kate Whalin', 'Jerson David Ambion', 'Shelsie Blake', 'Cate Blanchett', 'John N. Campbell', ""Emilio D'Alessandro"", 'Paul Desbois', 'Donna Ewin', 'Tres Hanley', 'Sam Heydon', 'Alex Hobbs', 'Christiane Kubrick', 'Katharina Kubrick', 'Taylor Murphy', 'Graham Skidmore', 'Stanley Kubrick']",nan,4.0,https://letterboxd.com//film/eyes-wide-shut/
Napoleon,2023,Ridley Scott,"['Joaquin Phoenix', 'Vanessa Kirby', 'Tahar Rahim', 'John Hollingworth', 'Youssef Kerkour', 'Davide Tucci', 'Edouard Philipponnat', 'Ludivine Sagnier', 'Matthew Needham', 'Erin Ainsworth', 'Thom Ashley', 'Anna Mawn', 'Gavin Spokes', 'Jonathan Barnwell', 'Hannah Flynn', 'Phil Cornwell', 'Cormac Hyde-Corrin', 'Cesare Taurasi', 'Arthur McBain', 'David Verrey', 'Jean-Pascal Heynemand', 'Ed Hughes', 'Paul Riddell', 'Thea Achillea', 'Loris Monet', 'Tim Faulkner', 'Riana Duce', ""Paul O'Kelly"", 'Ed Eales White', 'Clyde Vassallo', 'Sean Vassallo', 'Sophie Lund', 'Saulius Cajauskas', 'Alexis Bennett', 'Jacob Marshfield', 'Nathan Pollard']",nan,nan,https://letterboxd.com//film/napoleon-2023/
"Are You There God? It's Me, Margaret.",2023,Kelly Fremon Craig,"['Rachel McAdams', 'Abby Ryder Fortson', 'Kathy Bates', 'Elle Graham', 'Benny Safdie', 'Amari Alexis Price', 'Katherine Mallen Kupferer', 'Kate MacCluggage', 'Aidan Wojtak-Hissong', 'Landon S. Baxter', 'Echo Kellum', 'Mia Dillon', 'Gary Houston', 'Mackenzie Joy Potter', 'Olivia Williams', 'Mike Platarote Jr.', 'Simms May', 'Zack Brooks', 'JeCobi Swain', 'Wilbur Fitzgerald', 'Ethan McDowell', 'Sloane Warren', 'Isol Young', 'Eden Lee', 'Naida Nelson', 'Tahirah Harrison', 'Zach Humphrey', 'Karen Aruj', 'Judy Blume', 'George Cooper', 'Joan Jackson', 'Stephen Jackson', 'Robert Haulbrook', 'Johnny Land', 'Jennifer Errington', 'Evan Bergman', 'Michael Wolk', 'Karen Macarah', 'Ariel DiDonato', 'Claude Deuce', 'Keya Hamilton', 'Tanya J. McClellan', 'Dennis Delamar', 'Samantha LeBrocq', 'Wally White', 'Holli Saperstein', 'Deborah Helms', 'Cooper Herrett', 'Gezell Fleming', 'Jim France', 'Rakeem Massingill', 'Ian Ottis Goff']",nan,3.84,https://letterboxd.com//film/are-you-there-god-its-me-margaret/
Midsommar,2019,Ari Aster,"['Florence Pugh', 'Jack Reynor', 'William Jackson Harper', 'Will Poulter', 'Vilhelm Blomgren', 'Isabelle Grill', 'Gunnel Fred', 'Ellora Torchia', 'Archie Madekwe', 'Henrik Norlén', 'Agnes Westerlund Rase', 'Julia Ragnarsson', 'Mats Blomgren', 'Lars Väringer', 'Anna Åström', 'Hampus Hallberg', 'Liv Mjönes', 'Louise Peterhoff', 'Katarina Weidhagen', 'Björn Andrésen', 'Tomas Engström', 'Dag Andersson', 'Lennart R. Svensson', 'Anders Beckman', 'Rebecka Johnston', 'Tove Skeidsvoll', 'Anders Back', 'Anki Larsson', 'Levente Puczkó-Smith', 'Frans Cavallin Rosengarten', 'Vilmos Kolba', 'Mihály Kaszás', 'Gabi Fón', 'Zsolt Bojári', 'Klaudia Csányi', 'Anna Berentzen', 'Austin R. Grant', 'Maximilian Slash Marton']",nan,3.78,https://letterboxd.com//film/midsommar/
Tenet,2020,Christopher Nolan,"['John David Washington', 'Robert Pattinson', 'Elizabeth Debicki', 'Kenneth Branagh', 'Dimple Kapadia', 'Himesh Patel', 'Aaron Taylor-Johnson', 'Michael Caine', 'Clémence Poésy', 'Martin Donovan', 'Yuri Kolokolnikov', 'Anthony Molinari', 'Laurie Shepherd', 'Fiona Dourif', 'Juhan Ulfsak', 'Jefferson Hall', 'Ivo Uukkivi', 'Andrew Howard', 'Rich Ceraulo Ko', 'Jonathan Camp', 'Wes Chatham', 'Sander Rebane', 'Josh Stewart', 'Denzil Smith', 'Jeremy Theobald', 'Tom Nolan', 'Marcel Sabat', 'Julia-Maria Arnolds', 'Jack Cutmore-Scott', 'Adam Cropper', 'Tony Christian', 'Jan Uuspõld', 'Kaspar Velberg', 'Sergo Vares', 'Rain Tolk', 'Henrik Kalmet', 'Sean Avery', 'John Orantes', 'Seb Carrington', 'Matthew Marsden', 'Kenneth Wolf Andersen Haugen', 'Marek Angelstok', 'Klaus Peeter Rüütli', 'Daniel Olesk', 'Ingrid Margus', 'Carina Velva', 'Glenn Lawrence', 'Katie McCabe', 'Ronald Pelin', 'Schezaad Ausman', 'Anterro Ahonen', 'Aleksei Podlesnov', 'Trent Buxton', 'Jess Weber', 'Martin Tõnumaa', 'Lisa Marie', 'Loora-Eliise Kaarelson', 'Andres Oja', 'Anton Klink', 'Viktoria Jelizarova', 'Mark Krenik']",nan,3.4,https://letterboxd.com//film/tenet/
Oldboy,2003,Park Chan-wook,"['Choi Min-sik', 'Yoo Ji-tae', 'Kang Hye-jung', 'Kim Byeong-ok', 'Ji Dae-han', 'Oh Dal-su', 'Lee Seung-shin', 'Yoon Jin-seo', 'Oh Tae-kyung', 'Yoo Yeon-seok', 'You Il-han', 'Oh Gwang-rok', 'Park Myung-shin', 'Lee Dae-yeon', 'Kim Su-hyun', 'Yong-ih', 'Syd Lim', 'Mun Seong-Bok', 'Yoon Jin-yul', 'Park Jae-Woong', 'Seo Myeong-Seok', 'Lee Young-hee', 'Han Jae-duk', 'Kim San', 'Kwak Jung-ae']",nan,4.39,https://letterboxd.com//film/oldboy/
Paranoia Agent,2004,"Takayuki Hirao, Takuji Endou","['Mamiko Noto', 'Daisuke Sakaguchi', 'Haruko Momoi', 'Shozo Iizuka', 'Toshihiko Seki', 'Hisako Kyoda', 'Ryūji Saikachi', 'Kenji Utsumi', 'Mayumi Yamaguchi', 'Makoto Tsumura', 'Kotono Mitsuishi', 'Toshihiko Nakajima', 'Nana Mizuki', 'Mina Tominaga', 'Kiyoshi Kawakubo', 'Yasunori Matsumoto']",nan,4.23,https://letterboxd.com//film/paranoia-agent/
Neon Genesis Evangelion,1995,"Kazuya Tsurumaki, Hiroyuki Ishido","['Megumi Ogata', 'Kotono Mitsuishi', 'Megumi Hayashibara', 'Yuko Miyamura', 'Yuriko Yamaguchi', 'Fumihiko Tachiki', 'Motomu Kiyokawa', 'Miki Nagasawa']",nan,4.54,https://letterboxd.com//film/neon-genesis-evangelion/
Once Upon a Time in the West,1968,Sergio Leone,"['Claudia Cardinale', 'Henry Fonda', 'Jason Robards', 'Charles Bronson', 'Gabriele Ferzetti', 'Paolo Stoppa', 'Woody Strode', 'Jack Elam', 'Keenan Wynn', 'Frank Wolff', 'Lionel Stander', 'Frank Braña', 'Stefano Imparato', 'Claudio Mancini', 'Al Mulock', 'Antonio Palombi', 'Renato Pinciroli', 'Aldo Sambrell', 'Conrado San Martín', 'Enzo Santaniello', 'Simonetta Santaniello', 'Luana Strode', 'Fabio Testi', 'Marco Zuanelli', 'Antonio Molino Rojo', 'Román Ariznavarreta', 'John Frederick', 'Aldo Berti', 'Spartaco Conversi', 'Saturno Cerra', 'Paolo Figlia']",nan,4.38,https://letterboxd.com//film/once-upon-a-time-in-the-west/
